author,all,peace,proposed,less,being,over,jurisdiction,course,still,its,causes,proportion,former,to,only,those,under,of,he,might,ought,executive,them,good,greater,means,very,nation,cannot,every,they,not,nor,governments,several,necessary,whether,common,each,found,security,where,two,view,right,force,often,people,senate,national,some,principles,authority,are,proper,our,out,even,what,constitution,for,federal,though,both,liberty,yet,state,between,new,public,either,body,be,we,men,degree,nature,never,however,reason,objects,york,members,others,therefore,by,legislature,on,great,her,country,could,citizens,against,foreign,must,place,whole,or,first,among,own,danger,had,into,within,number,one,another,such,respect,should,legislative,little,america,from,would,union,there,political,system,been,their,much,too,interest,convention,themselves,was,war,more,interests,form,that,but,part,courts,particular,cases,general,with,than,present,circumstances,case,has,rights,this,as,us,nations,will,can,were,situation,powers,and,his,certain,is,influence,it,an,states,single,itself,at,have,in,made,any,if,these,different,united,no,latter,government,when,same,power,also,other,which,subject,congress,shall,may,who,upon,most,plan,necessity,president,law,a,i,many,well,object,without,so,principle,time,far,the,make,laws
C,0.38,0.09,0,0.14,0.19,0.14,0.09,0,0,0.43,0,0,0.09,2.56,0.14,0.24,0.24,6.39,0.14,0.05,0,0,0.09,0,0,0.05,0.14,0,0,0,0.57,0.28,0,0,0.09,0.09,0,0.14,0.09,0.14,0,0.05,0.09,0,0.09,0.05,0.09,0.09,0.09,0,0.09,0,0.28,0.09,0,0,0.14,0.05,0,0.09,0.33,0.28,0.19,0.05,0.09,0,0.05,0.09,0.14,0.05,0,0,0.28,0.14,0,0.05,0,0.14,0.09,0,0,0.05,0.62,0.14,0,1.56,0,0.76,0.05,0.24,0,0.09,0,0.19,0.09,0,0,0.09,0.19,0.05,0.24,0.09,0,1.09,0.24,0,0.05,0.28,0.14,0.24,0,0.05,0,0.09,0,0.47,0.28,0.28,0.14,0.09,0.09,0.19,1.09,0.14,0.09,0.09,0,0.14,1.37,0.28,0.47,0.05,0,0.99,0.33,0.05,0,0.05,0,0.19,0.57,0.33,0.09,0,0,0,0,0.8,0.66,0.05,0,0.05,0,0.76,0,0.19,3.74,0.38,0.05,0.47,0.05,1.23,0.24,0.09,0.05,0.05,0.19,0.24,1.94,0.14,0.09,0,0.19,0.09,0.09,0.09,0.14,0.33,0.24,0.28,0.05,0,0.09,0.57,0,0.05,0,0,0.52,0.05,0.19,0,0.05,0,0,1.75,0.05,0,0.05,0,0,0.09,0.05,0,0.09,11.36,0.05,0.24
C,0.24,0.24,0,0,0.05,0.1,0.1,0,0.05,0.63,0.05,0,0,2.88,0.05,0,0.15,6.09,0.29,0.05,0,0.05,0.34,0,0,0,0.05,0.05,0,0.1,0.44,0.19,0.19,0,0,0.1,0,0.39,0.1,0.05,0,0.05,0.05,0,0.05,0.15,0.05,0.19,0,0.1,0.15,0,0.05,0.83,0.05,0,0.1,0.05,0.05,0.15,0.34,0.1,0.1,0,0,0,0.05,0.19,0.1,0.24,0.05,0.15,0.68,0.05,0.05,0,0.05,0,0,0,0,0.05,0.54,0,0,1.07,0,0.83,0,0,0,0.1,0,0.29,0.34,0.1,0.15,0.05,0.44,0.15,0.34,0.15,0,0.54,0.19,0.05,0.05,0.44,0.15,0.34,0,0,0,0.1,0,0.78,0.19,0.1,0.05,0.05,0.15,0.19,0.54,0,0,0.1,0,0.19,0.63,0.19,0.29,0,0.15,0.63,0.1,0.19,0,0.05,0.15,0.19,1.02,0.15,0,0,0.1,0.34,0.05,0.58,0.49,0,0.1,0.05,0.05,0.24,0.05,0.39,4.0,0.83,0.1,0.78,0.05,0.93,0.44,0.29,0,0.1,0.24,0.54,2.0,0.15,0.29,0.19,0.19,0.05,0.15,0.29,0,0.05,0,0,0.15,0,0.24,1.51,0.19,0,0.1,0.24,0.29,0,0.29,0,0.1,0,0,1.32,0,0.1,0.05,0,0.05,0.19,0.15,0.1,0.05,10.14,0.05,0.1
C,0.46,0.2,0,0.07,0.13,0.2,0,0,0,0.13,0.07,0,0,2.76,0.13,0.07,0.2,5.32,0.53,0,0.07,0.07,0.33,0,0,0.07,0.13,0,0.07,0.07,0.46,0.26,0,0.13,0.2,0,0.07,0,0.26,0.07,0,0.2,0.07,0,0,0.07,0.07,0.13,0,0,0.26,0,0.39,0.85,0.07,0.13,0.13,0.07,0.07,0.33,1.18,0.26,0.07,0.07,0,0.07,0.2,0.07,0.07,0.13,0,0,0.46,0.13,0.07,0.13,0.13,0.2,0.13,0,0,0.07,0.13,0.26,0,1.25,0,0.46,0.2,0.2,0.07,0.13,0,0,0.46,0.2,0.2,0.07,0.53,0.07,0.13,0.13,0.07,0.2,0.2,0.07,0,0.26,0.13,0.2,0,0,0,0.07,0,1.18,0.07,0.59,0,0.13,0,0.07,1.31,0,0.07,0,0,0.13,0.46,0.2,0.13,0,0,0.59,0.33,0,0.07,0.13,0.13,0.2,0.53,0.33,0.07,0.07,0.07,0.66,0.07,0.53,0.79,0.07,0.07,0.26,0.07,0,0,0.2,3.55,0.79,0.2,0.98,0.26,0.79,0.33,0.13,0,0,0.53,0.66,2.56,0.07,0,0.07,0.46,0.07,0.07,0.13,0,0.26,0.2,0.2,0.13,0.13,0.26,0.85,0,0,0,0.13,0.2,0.07,0,0,0.07,0,0.07,1.84,0.07,0.07,0.07,0,0.2,0.13,0.07,0.07,0,9.0,0.13,0
D,0.36,0,0.06,0.18,0.06,0,0,0,0.12,0.48,0,0.12,0.06,3.51,0.24,0.06,0.12,6.11,0.18,0.36,0.36,0.24,0.42,0,0,0.06,0.12,0.18,0,0.3,0.3,0.79,0.06,0.18,0.24,0.12,0.06,0.06,0.18,0.06,0.06,0,0.18,0.12,0.06,0.06,0,1.03,0,0.06,0.12,0.06,0.12,0.91,0.06,0.12,0.12,0.06,0,0.24,0.67,0,0,0,0,0,0.12,0.06,0.12,0.36,0.06,0,2.84,0.24,0.12,0,0.24,0.06,0.12,0.24,0.06,0.06,0.24,0.12,0.12,0.91,0.18,0.97,0.3,0,0,0.18,0,0.54,0,0.18,0.12,0.12,0.6,0.06,0.18,0.06,0.18,0.24,0.06,0.12,0.24,0.24,0,0.18,0,0.12,0.3,0.06,0.06,0.3,1.33,0,0.12,0.06,0,0.18,0.85,0.18,0.18,0.06,0.3,0.18,0.06,0,0.18,0,0,1.27,0.48,0.12,0,0,0.06,0,0.67,0.06,0.12,0.06,0.18,0.12,0.12,0.3,0.91,0.06,0,0.06,0.24,0.12,0,0.12,2.54,0.18,0.06,1.09,0.24,1.57,0.67,0,0,0.12,0.12,0.3,2.06,0.24,0.18,0.18,0.06,0.12,0,0.24,0.06,0.73,0.12,0.24,0.3,0.06,0.36,1.21,0.06,0,0.12,0.24,0.3,0,0.24,0.12,0,0,0,2.0,0.12,0.12,0.12,0,0.12,0.24,0.18,0.06,0.12,10.76,0,0.06
D,0.45,0,0,0,0,0.09,0,0,0,0.27,0,0.09,0,2.52,0,0.09,0.27,5.4,0,0.27,0.09,0.36,0.72,0,0,0.09,0.27,0,0.09,0.18,0.63,0.9,0.09,0,0.36,0,0.36,0.09,0.27,0,0,0.09,0.27,0.18,0,0.09,0.09,0.36,0,0,0.45,0,0,0.36,0.09,0,0,0.18,0,0.63,0.54,0,0,0,0.09,0,0.54,0,0.09,0.18,0.27,0.18,2.79,0.09,0.18,0,0,0.09,0.09,0.18,0.09,0.09,0.63,0.18,0.18,0.99,0.09,0.99,0,0,0,0,0,0.09,0,0.09,0.27,0,0.72,0.27,0,0,0.09,0.81,0.18,0.54,0.09,0.36,0,0.09,0,0.09,0.54,0.09,0,0.72,0.99,0,0,0,0,1.17,1.17,0,0,0,0,0.18,0.36,0,0,0,0,1.08,0.09,0,0,0.18,0,0,0.45,0,0.09,0.27,0.27,0.09,0,0.63,0.99,0,0,0.63,0,0.09,0,0,2.97,0,0,0.54,0,1.44,0.27,0.09,0.09,0.09,0.81,1.08,2.52,0.18,0.45,0.36,0.27,0.09,0,0,0,0.18,0.18,0.81,0.18,0.09,0.72,0.81,0,0,0,0.36,0.27,0.09,0.09,0,0,0,0,1.26,0.45,0,0.09,0.09,0.27,0.09,0,0.27,0,9.09,0,0
D,0.62,0,0,0.31,0.16,0.1,0,0,0.05,0.21,0,0.05,0.21,2.6,0.16,0.16,0.21,5.88,0,0.21,0.05,0.21,0.16,0.05,0,0.1,0.21,0,0.05,0.16,0.1,0.47,0.1,0.16,0.31,0.31,0,0.16,0.57,0.1,0.42,0.1,0.16,0.16,0,0,0,0.42,0,0,0.31,0.21,0.31,0.47,0.1,0,0,0.1,0.1,0.16,0.68,0.26,0,0.1,0.1,0,0.36,0.1,0.05,0.1,0,0,3.28,0.1,0.21,0.05,0.21,0,0.05,0,0,0.05,0.21,0.16,0.05,1.2,0.16,1.09,0.26,0,0.05,0.05,0.21,0.42,0,0.57,0.26,0.16,0.36,0.31,0.16,0.1,0.16,0.05,0.26,0.1,0.1,0.21,0.05,0.31,0,0.47,0.16,0.26,0.1,0.36,0.47,0.05,0.21,0,0.21,0.1,0.36,0.05,0.05,0.16,0.05,0.05,0.05,0,0.26,0.36,0.1,1.3,0.47,0.1,0,0.1,0.1,0.1,0.31,0.16,0,0,0.05,0.1,0.57,0.68,1.46,0.05,0,1.2,0.16,0.21,0,0.16,2.08,0,0.1,1.04,0,1.67,0.26,0.16,0.1,0.36,0.16,0.16,2.6,0.1,0.05,0.36,0.21,0.36,0.16,0.21,0.21,1.15,0,0.26,0.36,0.05,0.68,0.73,0.05,0,0.05,0.88,0.05,0,0,0.05,0.1,0,0,2.39,0.1,0.1,0.21,0,0.1,0.26,0.21,0.05,0,10.52,0,0
D,0.16,0,0,0.22,0.27,0.16,0,0,0.11,0.32,0,0,0.16,3.89,0.32,0.22,0.54,5.46,0.05,0.16,0.27,0,0.22,0.05,0.11,0.11,0.32,0,0.16,0.27,0.27,0.59,0,0.11,0.11,0.22,0.22,0.05,0,0.05,0,0.05,0.05,0.22,0.16,0,0.05,0.7,0,0,0.16,0,0.05,0.43,0.11,0.11,0,0.16,0.11,0.22,0.7,0.43,0,0.05,0.27,0,0.49,0.11,0.27,0.11,0,0,2.49,0.27,0,0.16,0,0,0,0.22,0,0.05,0.05,0,0.16,1.19,0.22,1.03,0.11,0,0.05,0,0.05,0,0,0.49,0.16,0.05,0.38,0.38,0.11,0,0.05,0.11,0.05,0.11,0,0.22,0.11,0.05,0,0.22,0.22,0.16,0,0.65,0.43,0,0,0.05,0.05,0.86,0.49,0.05,0.16,0.05,0.22,0.05,0.59,0,0.38,0,0,1.62,0.32,0.22,0,0.32,0,0.16,0.59,0,0.05,0.16,0.16,0.16,0.16,0.81,0.86,0.16,0,0.54,0.38,0.54,0,0,2.0,0.16,0,1.03,0.11,1.73,0.16,0.49,0,0.11,0.38,1.03,1.78,0.16,0.38,0.27,0.38,0.16,0.22,0.22,0.05,0.54,0.16,0.27,0.16,0.11,0.43,1.13,0.11,0.05,0.11,0.38,0,0,0.16,0,0,0,0,1.89,0.27,0,0.16,0,0.05,0.27,0.05,0.27,0.16,10.05,0,0
D,0.41,0,0.05,0.28,0.05,0,0,0.14,0,0.09,0.05,0.14,0,3.36,0.18,0.23,0.05,5.9,0.14,0.14,0.28,0,0.32,0,0.14,0.23,0.41,0.05,0.05,0.18,0.55,0.88,0,0,0.18,0.14,0.05,0,0.14,0.05,0.18,0.28,0.09,0,0,0,0.09,0.32,0.05,0.05,0.55,0.05,0.09,0.88,0.09,0.18,0,0.18,0.18,0.28,0.97,0.41,0,0.14,0.23,0.14,0.37,0.32,0.14,0.28,0.09,0,2.35,0.18,0.09,0.09,0,0,0,0.14,0.23,0.05,0.32,0,0.09,1.43,0.09,0.37,0.14,0,0.05,0.09,0.09,0.09,0.14,0.09,0.14,0,0.55,0.05,0.14,0.05,0.09,0,0.09,0.18,0,0.32,0.05,0.18,0.05,0,0.32,0.14,0.09,0.51,0.28,0.09,0.09,0.05,0,0.32,0.18,0.14,0,0,0,0.09,0.18,0,0.46,0,0.14,1.11,0.51,0.14,0,0.14,0.14,0.09,0.51,0.32,0,0.18,0.18,0.37,0.05,0.69,1.01,0.09,0.14,1.15,0.6,0.18,0,0,2.86,0.14,0.05,1.29,0,0.83,0.28,0.74,0.23,0,0.09,0.32,2.07,0,0.28,0.32,0.46,0.32,0.14,0.46,0,0.69,0.05,0.09,0.18,0.18,0.65,1.06,0.23,0.05,0.05,0.32,0.18,0,0.37,0,0.05,0,0.09,2.21,0.14,0.09,0.18,0.05,0.14,0.18,0.05,0.23,0.14,8.94,0,0.32
D,0.5,0,0.1,0.15,0.3,0.15,0,0,0.05,0.1,0,0.2,0.05,3.04,0.15,0.3,0.2,5.84,0.1,0.2,0.4,0,0.5,0,0,0.05,0.3,0,0,0.05,0.55,0.9,0.1,0,0.15,0.05,0.05,0.05,0.45,0.05,0,0,0.1,0.1,0.15,0.05,0,0.25,0,0,0.35,0,0,0.75,0.15,0.2,0,0.05,0.1,0.5,0.5,0.5,0.1,0.1,0.1,0.05,0.8,0,0.15,0.1,0,0.05,2.0,0.2,0.05,0.1,0,0,0.05,0.05,0.1,0.1,0.05,0.15,0.25,1.3,0.2,0.95,0.1,0,0,0.1,0.1,0.1,0,0.1,0.05,0.05,0.45,0,0.05,0.05,0,0.15,0.25,0,0.3,0.35,0.25,0.15,0.25,0.2,0,0.15,0.05,0.65,0.3,0.05,0.05,0,0.05,0.2,0.6,0,0.05,0.05,0.2,0.1,0.05,0,0.3,0.1,0,1.4,0.4,0.2,0,0.05,0.05,0.05,0.6,0.2,0,0,0.4,0.1,0.3,1.05,1.8,0,0,0.75,0,0.3,0.05,0,1.9,0.45,0.05,1.75,0.2,1.35,0.45,1.2,0.15,0.1,0.1,0.8,3.24,0,0.35,0.25,0.15,0.05,0.05,0.4,0.1,0.25,0.25,0.35,0,0.05,0.75,1.25,0.1,0.05,0.1,0.5,0.3,0.1,0.05,0,0,0,0.1,1.75,0.2,0,0.1,0.05,0.05,0.05,0.3,0,0.05,10.17,0,0.3
D,0.2,0,0.1,0.24,0,0.1,0,0.05,0.15,0,0,0.24,0,3.82,0.05,0,0.24,5.97,0,0.05,0.24,0,0.2,0,0.05,0.2,0.34,0.05,0.2,0.59,0.78,0.69,0.15,0,0.1,0.1,0.15,0.05,0.05,0.1,0,0.2,0.15,0.05,0,0.1,0,0.44,0.1,0,0.05,0.15,0,0.64,0.05,0.34,0.05,0.05,0.15,0.24,0.83,0.29,0.05,0.05,0.1,0.05,0.34,0.24,0.1,0.24,0.1,0.05,2.5,0.29,0.2,0.2,0.05,0.05,0,0.1,0,0.1,0.34,0,0.05,0.69,0.2,0.44,0.1,0.05,0.1,0.1,0.15,0.2,0.15,0.29,0.05,0.2,0.98,0.24,0.15,0.1,0.15,0.15,0,0.24,0.93,0.44,0.15,0.1,0,0.05,0.1,0.05,0.15,0.59,0.49,0,0.24,0.2,0,0.29,0.78,0.05,0.05,0,0,0.15,0.1,0.05,0.54,0.05,0.1,1.57,0.24,0.05,0,0.05,0.05,0.15,0.54,0.73,0.1,0.2,0.1,0.24,0,0.59,0.59,0.2,0.05,0.98,0.39,0.29,0,0.05,2.35,0,0.2,1.22,0,0.83,0.2,0.39,0,0,0.83,0.29,1.47,0.1,0.39,0.24,0.15,0.1,0.15,0.2,0.15,0.2,0.05,0.15,0.2,0.05,0.54,1.42,0.05,0.2,0.05,0.54,0.15,0,0.2,0,0,0.1,0,2.35,0.49,0.15,0.1,0,0.1,0.34,0,0.49,0.05,8.91,0,0
D,0.57,0,0.06,0.06,0,0,0,0.06,0,0.32,0,0.06,0,2.48,0.32,0.25,0.06,7.12,0,0.25,0.19,0.13,0.64,0,0.06,0,0.64,0.19,0.13,0.44,0.25,0.7,0,0,0.06,0.32,0,0,0.51,0.13,0.06,0.06,0.13,0.06,0,0.13,0,0.25,0,0,0.19,0,0.25,0.76,0.19,0,0,0.13,0.13,0,0.44,0.44,0,0.13,0,0.06,1.33,0,0.06,0,0.13,0,2.29,0.25,0.13,0.19,0,0,0.19,0,0.38,0.06,0.19,0.06,0.19,0.64,0.32,0.7,0.38,0,0,0,0,0.13,0,0.13,0,0.19,0.19,0,0.19,0.06,0,0.06,0.25,0.44,0.51,0.32,0.13,0,0.06,0,0.19,0.32,0,0.57,0.25,0.06,0.19,0.13,0,0.32,0.57,0.32,0.06,0.06,0.06,0.06,0.13,0,0.44,0.64,0,1.14,0.51,0.25,0,0.25,0.19,0.13,0.95,0.38,0.06,0.64,0.13,0.25,0.13,0.83,0.64,0,0,1.84,0.25,0.13,0.19,0,3.37,0.13,0.06,0.64,0.06,1.27,0.19,0.64,0.13,0.13,0.32,0.51,1.97,0.32,0.32,0,0.38,0.44,0.13,0.13,0.06,0.13,0,0.25,0.06,0.06,0.32,1.21,0.13,0.06,0,0.64,0.13,0,0.13,0,0,0,0.06,3.05,0,0.19,0,0.13,0.13,0.19,0.13,0.32,0.25,8.7,0,0.44
D,0.32,0,0,0.23,0,0,0,0,0.09,0.14,0.05,0.09,0,3.34,0.14,0.23,0.09,6.82,0.14,0.05,0.05,0.09,0.27,0.05,0,0.14,0.32,0.05,0.18,0.59,0.68,0.68,0.09,0.09,0,0.09,0.09,0.09,0.18,0.09,0.05,0.05,0.18,0,0.27,0,0,0.86,0,0,0.23,0.09,0.05,1.17,0.05,0.09,0,0,0.23,0.18,0.86,0.27,0,0.05,0.14,0.14,0.59,0.18,0.32,0.23,0,0.05,1.94,0.41,0.18,0,0.18,0,0.09,0.09,0.05,0.18,0.14,0,0.05,1.13,0.18,0.86,0.23,0.23,0.09,0.05,0.27,0.23,0.05,0.18,0.23,0.14,0.99,0.14,0,0.09,0,0.05,0.09,0,0.18,0.45,0.05,0.14,0.09,0,0,0.05,0.05,0.5,0.27,0.05,0.18,0.05,0.05,0.18,1.04,0,0.05,0.09,0,0.09,0.18,0,0.41,0.05,0.14,1.4,0.36,0.09,0,0.09,0.09,0.05,0.14,0.45,0.05,0.09,0.05,0.18,0.05,0.59,1.08,0.05,0,1.08,0.32,0.09,0.09,0,2.44,0.18,0,1.54,0.05,1.17,0.27,0.23,0.05,0.14,0.27,0.5,1.81,0,0.23,0.27,0.36,0,0.09,0.18,0,0.63,0.14,0.18,0.09,0.05,0.14,1.36,0.05,0.09,0.14,0.18,0.36,0,0.41,0,0,0.05,0.09,1.67,0.18,0.36,0.09,0,0.14,0.32,0.09,0.09,0.09,9.76,0.05,0.09
D,0.67,0,0.05,0,0.05,0.24,0,0,0.05,0.33,0.05,0.05,0.19,2.91,0.24,0.19,0.19,5.59,0,0.38,0.1,0,0.24,0.05,0.19,0.05,0.1,0,0.14,0.38,0.48,0.67,0.05,0.05,0.1,0,0,0.05,0.1,0.05,0.14,0.14,0.14,0.05,0.05,0.1,0.05,0.48,0.29,0,0.19,0.14,0.05,0.33,0.1,0,0,0.1,0,0.48,0.62,0.24,0.05,0.05,0,0.05,0.29,0.14,0.14,0.14,0,0.05,2.48,0.19,0.1,0.05,0,0.05,0.1,0.1,0.05,0.05,0.19,0.05,0.14,1.05,0.1,0.86,0.1,0,0.05,0.05,0.05,0.33,0,0.14,0.19,0.19,0.53,0.19,0.14,0.05,0.05,0.1,0.1,0.05,0.91,0.24,0.05,0.19,0,0.1,0.14,0.05,0,0.48,0.57,0,0.1,0,0,0.67,0.62,0.1,0.14,0.14,0,0.1,0.05,0,0.62,0.05,0,1.58,0.33,0.05,0,0.19,0.19,0.19,0.62,0.24,0.1,0.1,0,0.53,0,0.67,1.0,0.05,0.05,1.77,0.24,0.1,0,0,2.25,0.05,0.1,0.81,0.1,1.15,0.43,0.81,0.14,0.05,0.24,0.86,2.77,0.05,0.24,0.29,0.29,0,0,0.24,0.29,0.43,0.1,0.14,0.14,0.05,0.43,1.29,0.24,0,0.14,0.48,0.24,0,0.33,0,0,0.05,0,2.44,0.24,0,0.05,0.05,0,0.05,0.1,0.29,0.14,10.18,0.05,0.05
D,0.46,0,0.13,0.25,0.08,0.08,0,0,0.13,0.13,0,0,0.17,3.35,0.08,0.21,0.08,6.06,0.08,0.13,0.38,0,0.21,0.08,0,0,0,0.17,0.08,0.46,0.33,0.71,0,0.29,0,0,0,0.13,0.25,0,0.08,0,0.17,0.08,0,0,0,0.42,0.42,0.21,0.21,0.21,0.08,0.63,0.08,0.17,0.13,0,0.29,0.21,0.67,0.13,0,0.13,0,0,0.25,0.17,0.25,0.25,0,0.08,2.55,0,0.13,0,0.08,0,0.08,0,0.08,0,0,0,0,1.17,0,0.79,0.17,0.17,0,0,0,0.17,0.13,0.46,0,0,0.5,0.29,0.13,0.13,0,0,0.25,0,0.13,0.25,0.29,0.21,0.08,0.08,0.08,0.13,0.13,0.88,0.21,0,0,0.13,0.08,0.17,0.54,0,0,0,0,0.08,0,0,0.54,0.08,0.08,1.46,0.5,0.13,0,0.08,0,0,0.54,0.29,0,0,0,0.13,0,0.71,0.67,0,0.13,0.71,0.38,0,0.13,0.08,2.89,0.38,0,1.55,0,1.3,0.54,0.63,0,0.08,0.21,0.29,2.09,0.08,0.25,0.21,0.25,0,0.08,0.38,0.08,0.79,0.08,0,0.08,0,0.25,1.34,0.08,0,0,0.71,0.21,0,0.29,0,0.08,0,0.13,3.14,0.25,0.29,0.17,0.08,0.25,0.38,0,0.08,0,8.03,0,0.21
D,0.33,0,0,0.16,0.1,0.13,0,0,0,0.56,0.07,0.07,0.26,2.89,0.36,0.16,0.1,5.78,0,0.16,0.23,0.07,0.16,0,0,0.1,0.1,0,0.13,0.2,0.2,0.85,0.1,0.2,0,0.13,0,0,0.07,0.07,0,0.1,0.23,0,0.07,0.07,0,1.38,0.76,0.16,0.39,0,0.1,0.39,0.07,0.07,0.07,0.13,0.1,0.2,0.85,0.2,0,0,0.13,0.07,0.2,0.07,0.1,0.2,0,0.43,1.97,0.2,0.13,0.07,0,0.1,0.1,0.1,0.13,0,0.13,0.1,0.07,1.68,0,0.66,0.07,0.07,0,0.13,0.07,0.26,0.1,0.39,0,0.16,0.53,0.16,0,0.2,0.13,0.23,0.2,0.13,0.07,0.3,0,0.33,0,0.07,0.13,0.07,0.1,0.53,0.36,0,0.26,0,0,0.36,0.53,0,0,0,0,0.2,0.3,0,0.13,0,0.07,1.64,0.43,0.16,0,0.16,0.1,0.13,0.53,0.26,0,0.07,0,0.16,0,0.56,0.99,0.1,0.13,0.62,0.46,0.16,0,0,2.23,0,0,1.18,0.07,1.31,0.59,0.16,0,0.13,0.39,0.69,2.23,0.07,0.3,0.26,0.3,0,0.1,0.2,0.2,0.3,0.1,0.2,0.23,0.1,0.36,1.18,0.13,0,0,0.59,0.1,0,0.26,0,0.07,0,0,1.91,0.36,0.16,0.13,0,0.16,0.2,0.07,0.13,0.1,9.53,0,0
H,0.52,0,0,0.12,0.12,0,0,0.12,0.08,0.24,0,0,0,3.32,0.2,0.28,0.12,7.19,0,0.28,0,0,0.24,0,0.16,0.08,0,0.16,0,0.12,0.4,0.8,0,0,0.08,0,0,0.08,0.28,0,0,0,0,0.12,0,0.12,0.08,0,0,0.16,0.08,0,0,0.36,0,1.4,0,0.12,0.12,0,0.72,0,0,0,0,0,0.2,0.16,0.08,0,0.12,0,1.76,0.48,0.08,0,0.08,0,0,0,0,0,0,0,0,0.8,0,0.2,0.36,0.52,0.2,0.12,0,0,0.16,0.08,0,0,0.48,0,0,0.16,0,0,0.16,0,0.08,0.2,0.12,0.24,0.08,0.12,0,0.12,0.32,0.76,2.0,0.28,0.32,0.08,0.16,0.12,0.44,0.12,0.12,0.16,0,0.12,0,0,0.36,0.16,0,0.96,0.32,0.32,0,0.08,0,0,0.88,0.24,0.08,0.08,0,0.32,0.16,0.96,0.84,0.64,0.24,0.68,0.2,0.08,0.16,0.08,2.8,0,0.08,0.36,0,0.84,0.6,0.52,0.08,0,0.44,0.6,2.64,0,0.16,0.24,0.28,0.16,0.16,0.2,0,0.2,0.16,0.12,0.12,0,0.4,1.0,0.08,0,0.12,0.36,0.2,0.24,0.2,0,0.08,0,0,2.76,0,0,0.12,0.08,0.08,0.16,0,0.12,0.12,7.51,0.08,0
H,0.28,0,0,0.05,0.09,0,0,0,0,0.37,0,0.09,0,3.79,0,0.14,0.09,6.52,0.05,0.09,0,0,0.28,0,0.05,0.14,0.09,0.09,0.18,0.18,0.37,0.28,0.05,0.05,0.05,0,0,0,0.18,0.14,0.09,0.14,0.05,0.05,0.05,0,0,0.18,0,0.18,0.09,0,0,0.69,0.05,0.23,0.05,0.09,0.09,0,0.37,0.05,0,0.14,0,0.05,0.55,0.23,0.14,0.14,0,0,1.85,0.23,0.09,0.09,0.09,0.05,0,0.05,0.18,0.05,0,0,0.09,0.69,0,0.55,0.28,0.05,0.28,0.09,0.05,0.14,0.14,0.74,0,0.05,0.32,0,0.05,0.05,0,0.14,0.32,0.05,0.09,0.23,0.05,0.14,0.09,0.18,0,0.09,0.09,0.88,1.02,0.18,0.42,0.09,0.05,0.37,0.65,0.23,0.14,0.05,0,0.05,0,0.05,0.23,0.18,0.05,1.25,0.37,0.18,0,0,0,0.05,0.83,0.18,0.09,0.05,0,0.6,0.05,0.79,0.88,0.14,0.14,0.51,0.09,0,0.14,0.05,2.87,0.09,0,1.02,0.09,1.2,0.51,0.46,0.09,0.05,0.6,0.6,2.5,0.14,0.32,0.32,0.37,0.05,0.09,0.09,0.05,0.37,0,0.09,0.05,0.05,0.65,1.06,0.18,0,0.05,0.14,0.05,0.32,0.18,0,0.05,0,0,2.17,0.05,0,0.18,0.05,0.14,0.28,0,0.14,0.28,8.14,0.05,0.14
H,0.31,0,0.31,0.52,0.21,0,0,0,0.1,0.21,0.1,0,0,4.45,0,0,0.21,6.0,0,0,0,0,0.1,0.1,0.21,0,0.1,0,0,0.31,0.31,0.52,0.1,0.1,0.21,0.21,0,0,0.41,0,0,0,0.1,0.31,0,0.1,0,0.31,0,0.41,0,0,0.1,0.41,0,0,0.1,0.1,0,0,0.1,0,0,0,0.1,0,0.41,0.1,0.41,0.1,0,0,2.59,1.14,0.1,0.1,0,0.1,0.1,0.1,0,0.21,0,0,0,0.52,0,0.31,0.41,1.03,0,0,0.1,0.1,0.1,0.31,0,0.21,0.31,0,0,0.1,0.1,0,0.72,0,0.41,0.83,0.31,0.1,0,0,0,0.1,0.1,0.52,1.45,0.1,0.93,0,0.1,0.21,0.1,0.31,0.31,0,0.1,0.21,0,0,0.62,0.1,0.1,1.86,0.21,0.21,0,0,0,0.1,1.03,1.03,0,0.1,0.1,0.21,0,0.52,0.83,0.1,0.21,0.93,0.41,0,0,0,1.76,0,0.1,0.93,0,0.62,0.31,0.93,0,0.1,0.1,0.41,1.45,0,0.31,0.62,0,0.31,0.1,0.41,0,0.72,0.41,0.31,0.52,0.1,0.1,1.14,0.1,0,0.31,0.83,0.31,0.21,0.21,0.1,0,0,0,2.69,0,0.21,0.1,0.1,0,0.31,0.1,0.1,0.1,7.65,0,0
H,0.68,0.1,0.06,0.06,0.06,0.06,0,0,0.23,0.26,0,0,0,3.79,0.26,0.32,0.13,6.35,0,0,0.1,0,0.13,0.06,0.06,0,0,0,0.06,0.26,0.49,0.52,0.13,0,0,0.06,0,0.16,0.16,0.13,0,0.06,0,0,0.06,0,0.06,0.16,0,0.29,0.06,0.06,0.23,0.71,0.1,0.65,0,0.1,0.1,0.13,0.58,0.16,0.06,0,0,0.06,0.19,0.06,0.1,0.16,0.06,0,1.42,0.78,0.29,0,0.1,0,0,0.06,0.13,0,0.16,0,0,1.04,0,0.32,0.06,0,0.06,0.1,0.1,0.13,0.13,0.29,0.1,0,1.23,0.16,0.13,0.06,0,0.06,0.13,0,0.1,0,0,0.06,0,0.19,0,0.1,0.06,0.71,0.42,0.39,0.58,0.16,0.06,0.45,0.23,0,0.06,0.16,0,0.1,0.1,0.06,0.19,0.1,0,1.23,0.26,0.19,0,0.1,0,0.23,0.62,0.32,0.13,0.06,0,0.45,0,0.78,0.49,0.55,0.1,0.62,0.45,0.26,0.1,0.13,2.4,0,0,1.55,0.1,0.97,0.58,0.36,0,0.06,0.78,1.0,2.36,0,0.1,0.23,0.19,0.06,0.06,0.19,0,0.42,0.13,0.19,0.29,0,0.19,1.78,0.1,0,0,0.23,0.19,0.32,0.1,0.06,0,0,0,2.23,0.16,0,0,0,0.23,0.06,0.16,0.19,0,8.22,0.06,0.16
H,0.44,0,0.05,0.05,0.05,0.05,0,0.1,0,0.83,0.05,0.1,0,4.36,0.15,0.49,0.1,7.0,0,0.1,0.05,0,0.29,0,0,0.15,0.1,0.05,0,0.05,0.73,0.98,0.1,0.15,0.05,0.15,0.1,0.15,0.05,0.15,0.05,0,0,0.05,0,0.2,0.2,0.24,0,0.44,0.15,0,0.29,0.15,0,0.1,0,0.24,0.1,0.24,0.44,0.15,0,0,0.05,0.05,0.44,0.15,0.05,0,0.15,0.1,2.69,0.2,0.05,0.05,0.05,0.05,0,0,0.05,0.05,0.24,0,0,0.64,0.1,0.2,0.05,0,0.05,0.64,0.1,0.29,0.05,0.44,0.05,0.05,0.83,0.1,0,0.1,0.1,0.24,0.15,0.1,0,0.1,0,0.2,0,0.29,0,0.05,0,0.54,1.76,0.44,0.2,0.1,0.05,0.34,0.59,0.05,0.05,0,0,0.1,0,0.2,0.29,0,0.1,0.78,0.29,0,0.1,0.15,0.05,0.15,0.64,0.2,0.05,0,0.05,0.34,0.05,0.88,0.93,0.1,0,0.24,0.05,0.34,0.05,0.1,2.06,0,0.05,0.69,0.05,1.81,0.64,0.54,0.1,0.1,0.54,0.59,1.91,0.15,0.54,0.69,0.1,0,0,0.29,0.05,0.59,0.2,0.2,0.15,0,0.1,1.08,0,0,0.05,0.24,0.24,0.29,0.24,0,0.05,0,0.1,1.81,0.05,0.05,0,0.05,0.15,0.15,0.24,0.05,0.1,9.45,0.05,0.15
H,0.76,0.06,0,0.19,0.06,0.38,0.06,0,0.06,0.38,0.06,0.13,0,3.69,0,0.57,0.13,7.0,0.06,0.19,0.06,0,0.51,0,0.06,0,0,0.13,0.13,0.06,0.45,0.25,0,0.51,0.06,0.13,0,0.13,0.13,0,0,0,0,0,0,0.13,0,0.57,0,0.51,0.06,0.06,0.32,0.32,0.13,0.13,0.06,0,0.06,0,0.7,0.19,0.06,0.13,0.06,0.06,0.64,0.25,0.06,0.13,0.06,0.06,1.53,0.06,0.06,0.06,0.32,0.06,0,0.06,0.25,0.06,0,0.13,0.06,0.57,0,0.13,0.25,0,0,0.06,0.25,0.13,0,0.06,0.06,0.06,0.83,0.06,0.06,0,0.06,0.19,0.19,0.13,0.06,0.13,0,0,0,0.13,0,0,0.06,0.32,0.76,0.25,0.25,0.13,0.06,0.19,0.64,0.13,0.25,0.06,0,0.06,0.38,0.06,0.57,0.19,0.13,1.34,0.19,0.06,0,0.25,0,0.25,0.64,0.32,0,0,0.13,0.25,0,0.7,0.19,0.06,0,0.76,0.13,0.25,0.06,0.19,3.31,0.45,0,0.7,0.32,1.02,0.57,0.25,0,0.06,0.45,0.25,1.84,0,0.13,0.13,0,0.06,0,0,0.13,0.57,0.06,0.19,0.45,0,0.45,1.53,0.06,0,0.06,0.25,0.13,0.38,0.19,0,0,0,0,1.91,0.13,0.13,0.06,0.06,0.06,0.25,0.19,0.13,0.06,10.31,0,0
H,0.56,0,0.12,0.06,0.06,0,0,0.12,0,0.62,0.06,0,0.12,4.46,0,0.56,0.19,6.56,0,0.12,0,0,0.12,0.37,0,0,0,0,0.06,0.19,0.37,0.87,0,0,0.12,0,0.12,0,0,0.06,0.12,0,0,0.12,0.19,0.06,0.06,0.37,0,0.06,0,0.19,0,0.74,0,0.19,0.06,0.12,0,0.5,0.74,0.06,0,0,0.31,0.06,0.37,0,0.43,0.12,0.12,0.06,2.1,0.5,0.5,0,0.06,0.06,0.19,0.06,0.06,0.06,0,0,0.06,0.87,0,0.56,0.19,0,0.12,0.06,0,0.12,0.06,0.19,0,0,0.37,0.06,0.06,0.25,0.06,0.06,0.12,0,0.12,0.25,0.06,0.06,0.06,0.06,0,0.06,0.06,0.68,0.12,0.43,0.12,0.19,0.06,0.19,0.87,0.19,0.19,0.19,0,0.12,0,0,0.43,0.12,0,1.73,0.12,0.06,0,0.06,0.06,0.19,0.37,0.68,0.06,0,0,0.37,0.12,0.87,0.62,0.12,0,1.55,0.19,0.06,0,0,2.48,0,0.19,0.8,0.06,1.24,0.68,0.12,0,0,0.5,0.62,1.67,0.19,0.37,0.25,0.19,0,0.06,0.19,0.06,0.56,0.06,0.12,0.12,0,0.19,1.11,0.25,0,0.43,0.68,0.5,0.37,0.12,0.06,0.12,0,0,1.55,0.87,0.31,0.19,0.06,0,0.19,0,0.06,0,8.17,0.06,0
H,0.15,0.05,0.1,0.05,0.05,0,0.05,0.1,0.1,0.6,0.05,0.15,0,2.75,0.1,0.45,0.05,7.55,0,0.1,0,0,0.15,0,0.05,0.05,0,0,0.15,0.15,0.35,0.4,0.1,0.1,0.05,0.05,0,0.15,0.2,0.05,0.05,0.1,0.15,0.1,0.2,0.1,0,0.35,0,0.3,0.15,0,0.1,0.4,0.15,0.05,0.05,0.1,0.1,0.15,0.25,0.15,0.05,0,0,0,0.7,0.2,0.35,0.05,0.3,0,2.0,0.45,0.05,0.15,0.3,0,0.05,0,0.2,0.15,0.15,0.05,0.05,1.1,0,0.3,0.1,0.05,0.2,0.25,0.15,0.3,0,0.2,0,0.05,1.05,0,0.1,0.3,0,0.05,0,0.05,0.1,0.05,0.1,0.15,0,0.25,0,0.05,0.05,0.8,0.6,0.25,0.4,0.1,0.05,0.55,0.4,0.15,0.15,0,0,0,0.05,0,0.15,0,0.05,1.2,0.1,0.1,0,0.15,0,0.1,0.75,0.2,0,0.15,0,0.45,0,0.85,0.9,0.05,0.1,0.3,0.45,0.1,0.1,0.05,2.45,0.1,0,1.35,0,0.85,0.5,0.6,0,0.15,0.2,0.45,2.4,0.05,0.3,0.55,0.15,0.05,0.2,0.6,0,0.45,0.1,0.1,0.25,0,0.3,1.0,0.1,0.05,0.25,0.55,0.25,0.3,0.1,0.1,0,0,0.05,3.2,0.1,0.1,0.05,0.05,0.1,0.35,0.2,0.2,0.05,9.2,0.05,0.15
H,0.34,0.08,0,0.11,0,0,0.08,0,0,0.51,0,0.08,0,4.07,0,0.37,0.11,6.8,0.06,0.28,0.2,0,0.08,0.08,0.17,0,0,0.17,0,0.22,0.42,0.7,0.06,0,0.14,0.14,0.06,0,0.11,0.11,0,0.14,0.11,0.08,0.14,0.06,0.11,0.28,0,0.17,0.11,0,0.2,0.51,0,0.34,0,0.14,0.11,0.11,0.59,0.11,0.14,0,0,0.08,0.22,0.14,0.17,0.11,0.11,0,1.52,0.39,0.28,0,0.08,0.08,0.06,0.08,0,0.08,0.06,0.14,0,0.84,0,0.25,0.14,0,0,0.08,0,0,0.22,0.25,0.06,0.11,0.59,0.14,0.08,0,0.06,0.08,0.11,0,0.31,0.28,0.06,0.25,0,0.22,0,0.08,0.11,0.65,0.56,0.28,0.39,0.06,0.2,0.45,0.65,0.22,0,0.08,0,0.06,0.2,0.14,0.17,0.11,0,1.49,0.45,0.17,0.11,0.11,0,0.08,0.56,0.31,0,0,0.11,0.56,0,0.87,0.73,0.11,0.06,0.31,0.17,0.25,0.08,0.14,2.33,0.2,0,1.35,0,1.29,0.53,0.73,0.11,0.06,0.34,0.39,2.42,0,0.2,0.25,0.08,0.17,0.14,0.17,0,0.37,0.08,0.17,0.37,0,0.14,1.01,0.06,0.08,0.06,0.56,0.08,0.37,0.34,0.06,0.17,0,0.11,2.75,0.06,0.08,0.08,0.06,0.08,0.25,0.08,0,0,8.31,0,0.17
H,0.55,0.06,0.17,0,0.06,0.06,0.06,0.11,0.06,0.66,0,0,0,5.37,0,0.22,0.22,5.54,0,0,0.78,0,0.33,0.06,0,0.17,0.06,0.06,0.17,0.22,0.22,0.61,0.06,0.17,0,0.22,0.06,0.39,0.11,0.11,0,0,0,0.06,0,0,0,0.22,0,0.33,0.06,0.06,0.22,1.0,0.22,0.39,0,0,0,0.17,0.94,0.39,0.06,0.11,0,0.06,0.17,0.11,0.06,0.22,0,0.06,2.49,0.61,0.06,0.06,0.06,0.06,0.11,0.06,0.33,0.06,0.11,0,0,0.61,0,0.11,0.06,0,0.17,0,0.11,0.06,0.06,0.5,0.06,0.06,0.44,0.11,0,0.06,0,0.06,0.11,0.11,0,0.17,0,0.39,0.06,0.11,0,0,0.06,0.33,0.22,0.39,0.22,0.11,0.22,0.33,0.44,0,0.06,0,0.06,0.06,0.22,0.06,0.11,0.28,0.06,1.55,0.17,0.06,0,0.06,0,0.17,0.89,0,0.11,0.22,0.11,0.28,0,0.78,1.22,0.22,0.11,0.83,0.61,0.06,0,0.5,3.1,0,0.06,1.27,0,1.27,0.61,0.28,0,0.17,0.17,0.61,1.44,0.28,0.5,0.33,0.33,0.06,0.06,0.11,0,0.83,0,0.17,0.39,0,0.39,1.72,0.11,0.06,0.11,0.39,0.17,0.39,0.39,0.11,0.17,0,0,1.33,0.22,0,0.06,0.06,0.11,0.06,0.06,0.06,0.06,10.36,0.17,0.11
H,0.4,0.45,0.05,0.05,0.05,0,0,0,0.05,0.2,0,0.05,0,4.53,0.2,0.1,0.1,5.97,0.9,0.05,0.25,0.1,0.3,0,0,0,0,0.1,0,0.05,0.25,0.65,0.05,0,0.05,0,0,0.05,0.05,0.1,0.15,0.05,0.4,0.15,0.2,0.1,0,0.25,0,0.05,0.2,0,0.2,0.5,0.05,0.6,0.05,0.3,0,0.05,0.5,0.05,0.1,0,0.1,0.05,0.25,0.2,0.25,0.1,0.2,0.05,2.59,0.2,0,0,0.05,0.05,0.15,0.05,0,0.1,0,0,0,0.7,0.4,0.55,0.2,0.05,0.05,0.2,0.05,0.3,0,0.3,0,0.1,0.6,0.1,0.1,0,0.05,0.25,0.05,0,0,0.4,0,0.2,0.25,0.3,0.15,0.1,0.1,0.55,1.24,0,0.3,0.1,0,0.2,0.65,0.05,0.15,0.05,0.05,0,0.35,0,0.05,0,0.1,1.64,0.3,0.05,0,0.1,0,0.15,0.25,0.2,0.05,0.05,0.05,0.45,0.2,1.14,0.65,0.3,0.2,0.4,0.2,0,0.1,0.2,2.94,0.25,0.05,0.5,0.05,1.14,0.45,0.25,0.05,0.15,0.35,0.6,2.79,0.05,0.3,0.65,0.5,0.05,0.1,0.25,0.05,0.2,0.05,0,0.1,0.05,0.3,0.75,0.2,0,0.05,0.2,0.05,0.35,0.35,0.25,0.25,0,0,2.54,0.25,0,0,0.05,0.35,0.2,0.05,0.35,0.05,7.42,0,0
H,0.35,0.4,0,0.2,0.1,0,0,0.1,0.1,0.45,0,0,0,4.52,0.1,0.3,0.25,6.33,0,0.4,0.2,0.05,0.4,0,0,0.15,0.05,0.05,0.05,0.05,0.45,0.4,0.05,0.1,0,0.1,0.05,0.2,0.1,0,0.1,0.05,0.1,0,0,0.2,0,0.25,0,0.35,0.25,0,0.15,0.7,0.05,0.5,0,0.15,0.1,0.2,0.55,0.2,0.2,0,0.25,0.1,0.4,0.1,0.2,0.1,0.05,0.05,2.61,0.4,0.05,0.05,0.05,0.05,0.05,0,0.1,0.2,0.25,0,0.1,1.1,0.05,0.55,0.1,0.15,0.15,0.15,0,0.2,0.1,0.25,0,0.1,0.75,0.05,0.05,0.1,0.5,0.2,0.05,0.05,0.05,0.1,0,0.2,0.05,0.3,0.1,0.15,0,0.6,1.05,0.3,0.1,0.05,0.1,0.3,0.55,0,0.2,0,0,0,0.2,0.2,0.1,0,0,1.56,0.2,0.1,0,0.1,0.05,0,0.4,0.2,0,0,0,0.25,0.15,1.0,1.21,0.25,0.2,0.5,0.15,0.05,0.1,0,2.31,0,0,0.85,0,1.31,0.35,0.5,0,0.05,0.55,0.55,2.01,0,0.2,0.25,0,0.1,0.15,0.1,0.05,0.5,0.15,0.2,0.2,0.05,0.4,0.75,0.05,0.1,0.3,0.2,0.1,0.1,0.3,0.05,0.15,0,0,2.21,0.05,0,0.1,0,0.05,0.05,0.05,0.5,0.1,8.79,0.05,0.05
H,0.34,0.42,0,0,0.13,0,0,0,0.08,0.17,0,0,0,3.98,0.21,0.21,0.08,6.2,0.08,0,0.21,0.17,0.08,0,0,0,0.13,0.08,0,0.17,0.5,0.96,0,0,0,0.13,0,0,0,0.08,0.13,0.08,0.25,0,0,0.29,0.08,0.38,0,0.29,0.17,0.13,0.34,0.25,0.08,0.21,0.08,0.25,0.13,0.08,0.88,0,0,0.08,0.29,0,0.29,0.21,0.17,0.21,0,0.17,2.26,0.46,0,0.08,0,0,0,0.08,0,0.08,0,0.13,0,0.88,0.38,0.29,0.17,0,0.21,0.29,0.08,0.25,0,0.17,0.13,0,0.5,0.08,0,0.13,0.21,0.29,0.34,0.08,0.13,0.21,0.08,0.38,0.08,0.25,0.13,0,0.17,0.46,0.67,0,0.34,0,0,0.34,0.42,0.13,0.25,0,0,0.08,0.46,0.08,0.13,0,0.08,1.76,0.46,0,0,0,0,0.08,0.38,0.21,0,0.08,0,0.25,0.21,0.63,0.75,0.25,0,0.46,0.21,0.29,0.08,0,2.05,0.25,0,1.05,0,1.8,0.92,0.29,0,0,0.5,0.67,2.68,0.25,0.42,0.67,0.13,0,0.08,0.17,0.08,0.38,0.13,0,0.38,0,0.08,0.88,0.08,0,0.08,0.42,0.13,0.25,0,0,0,0,0,2.22,0.08,0,0,0,0.13,0.42,0,0.54,0.08,8.42,0.08,0
H,0.27,0,0.21,0.34,0,0,0.07,0.07,0.07,1.1,0.07,0.07,0.07,4.32,0.27,0.27,0,6.38,0,0.14,0,0.07,0.14,0.14,0.27,0,0.14,0,0.14,0,0.34,0.14,0,0.14,0.14,0,0,0.21,0.21,0,0,0,0,0,0,0.34,0.07,0.55,0.07,0.34,0.07,0.07,0.55,0.69,0.07,0,0.14,0,0.14,0.21,0.48,0.27,0.14,0,0,0,0.62,0.14,0.14,0.21,0,0,2.33,0.41,0.07,0.07,0.07,0,0.07,0.07,0.14,0.07,0.27,0,0,0.96,0,0.27,0,0,0,0,0.21,0,0,0.14,0.21,0.14,0.96,0,0,0.07,0.07,0,0.21,0.07,0,0.14,0,0.21,0.07,0.14,0.07,0.07,0,0.34,0.21,0.41,0.55,0.14,0,0.41,0.41,0.14,0,0.07,0.14,0,0.07,0.07,0.55,0.07,0,2.61,0.34,0.07,0.07,0.21,0,0.41,0.41,0.48,0.07,0.07,0,0.21,0,0.62,0.75,0.07,0,2.33,0.75,0,0.07,0.14,2.26,0.21,0,0.96,0.14,1.44,0.34,0.14,0.14,0.21,0.27,0.34,2.06,0,0.55,0.34,0.34,0.07,0,0.21,0.07,1.1,0.07,0.14,0.14,0,0.14,1.3,0,0,0,0.27,0.07,0.27,0.27,0.07,0.07,0,0.07,2.06,0.27,0,0,0,0.07,0.14,0,0.07,0.14,10.22,0,0.55
H,0.93,0.19,0.12,0,0.06,0.12,0.06,0.06,0,0.56,0,0.06,0,4.11,0.12,0.25,0.19,6.04,0,0.19,0,0,0.31,0,0.06,0.19,0,0,0.12,0,0.5,0.5,0,0.31,0,0.06,0.06,0.12,0.19,0.19,0.19,0.06,0.12,0,0.06,0.56,0.06,0.75,0,0.44,0,0,0.31,0.37,0.06,0.12,0,0.12,0.12,0.06,0.93,0.19,0,0,0.12,0,0.81,0,0.12,0.12,0.25,0.19,2.55,0.25,0.19,0,0.06,0.06,0.06,0,0,0.12,0,0.06,0,0.44,0,0.06,0.12,0.19,0.12,0.12,0.25,0.5,0.06,0.44,0.12,0.12,0.5,0,0.06,0.19,0.06,0.19,0.06,0.06,0,0.25,0.06,0.12,0,0.56,0,0,0,0.37,0.75,0.25,0.44,0.12,0.25,0.25,0.81,0,0.12,0,0,0.19,0.06,0,0.56,0,0.06,1.24,0.25,0.31,0,0,0.19,0.31,0.56,0.19,0,0.06,0.06,0.31,0.25,0.44,0.62,0.06,0.12,0.81,0.75,0.12,0.12,0,2.18,0,0,0.87,0,1.12,0.81,0.31,0.06,0.19,0.44,0.68,2.49,0.06,0.12,0.62,0.19,0.37,0,0.37,0,1.0,0.12,0.37,0.44,0,0.25,0.87,0.06,0,0,0.44,0.25,0.19,0,0.19,0.19,0,0.06,2.05,0,0,0,0,0.25,0.06,0.12,0.25,0.06,10.33,0.25,0.06
H,0.18,0,0.09,0,0.18,0.22,0,0.13,0,0.27,0,0,0.09,5.0,0.18,0.18,0.18,6.88,0,0,0.18,0,0.54,0,0,0,0.13,0.09,0,0,0.31,0.4,0,0,0,0.27,0.09,0.09,0,0,0.09,0,0,0,0.09,0.13,0,0.4,0,0.22,0,0,0.22,0.45,0.18,0.27,0.09,0.22,0.27,0.18,0.76,0.27,0,0,0.09,0,0.22,0,0.18,0.09,0,0.22,2.23,0.22,0.09,0.09,0,0,0,0.18,0,0.09,0,0,0.09,0.45,0.09,0.13,0,0,0.09,0.13,0.13,0.13,0,0,0,0.09,0.76,0,0,0,0.22,0.09,0.18,0,0,0.18,0.09,0.18,0.09,0.36,0,0.13,0,0.58,0.85,0.18,0.58,0.09,0,0.27,0.63,0.13,0,0,0.09,0,0.18,0.09,0.09,0,0.09,1.34,0.31,0.09,0,0.09,0,0,0.54,0.09,0,0,0.09,0.22,0,0.63,1.16,0.09,0,0.49,0.49,0.27,0,0.09,2.64,0.09,0,1.38,0,1.88,0.63,0.27,0,0.13,0.49,0.31,1.83,0.09,0.27,0.67,0,0.09,0.09,0.22,0.09,0.36,0.09,0.22,0.49,0,0,0.71,0.09,0,0.13,0.31,0.4,0.45,0.18,0.22,0,0,0,2.23,0.18,0,0,0.09,0,0.36,0,0.09,0.13,9.92,0.09,0.18
H,0.25,0.05,0,0.1,0,0,0.05,0.1,0.05,1.22,0,0.05,0.05,3.85,0.05,0.25,0,5.73,0.1,0.25,0.2,0,0.1,0.1,0,0.15,0.1,0.05,0.05,0.41,0.51,0.35,0,0.15,0,0.1,0,0.05,0,0.05,0.05,0,0.1,0,0.15,0.05,0.05,0.2,0,0.51,0.05,0.05,0.1,0.35,0.15,0.15,0.2,0.05,0.3,0.15,1.17,0.15,0.25,0.1,0,0.05,0.3,0.15,0.25,0.56,0.1,0.05,2.48,0.25,0.15,0.15,0,0.05,0.05,0,0.15,0.05,0.15,0,0.05,0.71,0,0.41,0,0,0.15,0.3,0.05,0,0.05,0.61,0,0,1.01,0.05,0,0.2,0.05,0,0.3,0.05,0,0.25,0.05,0.25,0.05,0.2,0,0.1,0.15,0.41,1.12,0.46,0.25,0,0.25,0.51,0.41,0.1,0.05,0,0,0.1,0.15,0.15,0.15,0.05,0,1.57,0.56,0,0,0.05,0,0.15,0.61,0.15,0.15,0,0.1,0.51,0,0.86,1.12,0.15,0.1,0.56,0.61,0.05,0.25,0,2.28,0.1,0.05,0.76,0,1.47,0.35,0.25,0,0.05,0.3,0.56,2.48,0.05,0.41,0.2,0.2,0.05,0.1,0.25,0.05,0.71,0.05,0.1,0.41,0,0.35,1.01,0.05,0.05,0,0.46,0.35,0.66,0.15,0.05,0.15,0,0,1.93,0.05,0,0.05,0.05,0.1,0.1,0.15,0.05,0.15,8.32,0,0
H,0.52,0.06,0.17,0.12,0,0.12,0,0.06,0,0.46,0,0,0.12,4.72,0.17,0.52,0,6.04,0,0.29,0.46,0,0.46,0.06,0.12,0.29,0,0.06,0.23,0.29,0.58,0.69,0,0.4,0,0.17,0,0,0.06,0.12,0.12,0.06,0.12,0.06,0.12,0.06,0,0.35,0,0.46,0.17,0.12,0,1.04,0.06,0.12,0.06,0.12,0.23,0.12,0.35,0.35,0.17,0,0,0.12,0.58,0.06,0.06,0.12,0.06,0,2.07,0.35,0.23,0.17,0.23,0,0.06,0,0.17,0.06,0.12,0,0.12,0.52,0.06,0.29,0,0,0,0.12,0,0.29,0.06,0.46,0.12,0.06,0.75,0.06,0.12,0.23,0.06,0,0.29,0,0,0.12,0.12,0.23,0.12,0.35,0,0,0,0.58,0.29,0.52,0.35,0.06,0,0.29,0.58,0.12,0.12,0.06,0,0.17,0,0,0.06,0,0,1.73,0.46,0.12,0,0.06,0,0.23,0.63,0.35,0,0,0.06,0.06,0.12,0.75,1.15,0,0,0.35,0.12,0,0,0.23,2.53,0,0.12,1.32,0.12,1.55,0.69,0.12,0,0.17,0.29,0.63,2.82,0.06,0.29,0.17,0.23,0,0.06,0.17,0.23,0.58,0.06,0.23,0.75,0,0.4,1.15,0.17,0,0,0.58,0.12,0.75,0.23,0.06,0.17,0,0.06,1.38,0.12,0.06,0,0.06,0.17,0.4,0,0.12,0.23,9.32,0.06,0.12
H,0.4,0,0.07,0,0.07,0.07,0.2,0,0,0.2,0,0,0.07,3.15,0.27,0.07,0.13,6.1,0,0.6,0,0,0.54,0,0,0,0.07,0,0.07,0.13,0.27,1.01,0,0.2,0,0,0,0,0.07,0.07,0,0.34,0,0.07,0.07,0,0,0.13,0,0.34,0,0,0.8,0.13,0,0,0.07,0.07,0.13,0.27,0.27,0.07,0,0.07,0.07,0.07,0.67,0.07,0.07,0,0.07,0.13,2.01,0.13,0,0,0,0,0.07,0,0,0.07,0,0.07,0,0.67,0.13,0.94,0,0,0,0.27,0,0.07,0,0.07,0,0.07,0.74,0.34,0,0.13,0.07,0.13,0.07,0,0,0.27,0.27,0.34,0,0.2,0,0,0,0.6,1.54,0.87,0.54,0,0,0.27,0.27,0,0,0,0.2,0,0.2,0,0,0,0,2.14,0.67,0.07,0,0.27,0.34,0.2,0.34,0.07,0,0,0.34,0.13,0.07,1.07,0.27,0,0,0.2,0.07,0.13,0,0.13,2.75,0,0.07,1.07,0,1.61,1.01,1.41,0,0,0.13,0.34,2.68,0.07,0.4,0.4,0.13,0.13,0.2,0.47,0.07,0.2,0,0.27,1.07,0,0.34,1.54,0.07,0.34,0.34,0.13,0,0.13,0.13,0.13,0.13,0,0,2.41,0.67,0,0,0,0.13,0.07,0,0,0.07,10.05,0,0.07
H,0.47,0,0.18,0,0,0.06,0.18,0,0,0.77,0,0,0,3.96,0.3,0.35,0.18,5.31,0,0.24,0,0,0.06,0.06,0.06,0.18,0.18,0,0.06,0.24,0.53,0.77,0.3,0.18,0,0.47,0,0,0,0,0,0,0.06,0,0,0,0,0.18,0,0.24,0.06,0,0.41,0.47,0.41,0.06,0,0,0.59,0.71,0.53,0.24,0.18,0.06,0,0.12,0.59,0,0.06,0,0.06,0,1.89,0.12,0,0,0.18,0,0.06,0,0,0.06,0,0,0.12,0.83,0.24,0.3,0.06,0,0,0.12,0,0.3,0,0.41,0.06,0.06,0.71,0.18,0,0,0.06,0.18,0.24,0,0.06,0.12,0.06,0.24,0.24,0.24,0.18,0,0,0.53,0.89,0.41,0.12,0.3,0,0.65,0.3,0.06,0,0.06,0.18,0,0.18,0,0.06,0,0,1.89,0.89,0.06,0,0,0,0.06,0.3,0.06,0,0,0,0.18,0,1.06,0.83,0.12,0,0.53,0.12,0.24,0,0.71,2.6,0,0.06,1.53,0,2.3,0.47,0.24,0,0.12,0.12,0.77,1.95,0.18,0.41,0.47,0.35,0,0.18,0,0.06,0.41,0,0.35,1.18,0,0.18,1.3,0.06,0,0.12,0.59,0.24,0.53,0.12,0.18,0.06,0,0.53,2.6,0.3,0,0.06,0.12,0.06,0.18,0,0,0.06,9.33,0.12,0.94
H,0.27,0.23,0.09,0,0,0.05,0.09,0.09,0.09,0.5,0.05,0.14,0.09,4.82,0.14,0.45,0.09,6.17,0,0.18,0.45,0.05,0.18,0.05,0.05,0.09,0.09,0.05,0.14,0.09,0.32,0.68,0,0.18,0.09,0.09,0,0.05,0.14,0.05,0.05,0.09,0.36,0.09,0,0,0,0.14,0,0.14,0.18,0.05,0.23,0.86,0.23,0.27,0.09,0.09,0.23,0.05,1.17,0.14,0.09,0.05,0,0.14,0.54,0.27,0.05,0.14,0.09,0.05,1.89,0.95,0,0,0.05,0,0.09,0.05,0.27,0.05,0.05,0.05,0.05,0.18,0.05,0.5,0.18,0,0.05,0.36,0,0.27,0.05,0.18,0,0,0.54,0,0,0.09,0,0.09,0.09,0.09,0.05,0.36,0,0.14,0.09,0.27,0.09,0.14,0,0.54,0.9,0.41,0.41,0.14,0.05,0.54,0.45,0.14,0.18,0.18,0.09,0.05,0.09,0.32,0.18,0.05,0.09,1.94,0.41,0.23,0,0.23,0,0.05,0.54,0.14,0.09,0,0.05,0.27,0,0.63,0.9,0.27,0.14,0.72,0.32,0.05,0,0,2.16,0,0,0.72,0,1.04,0.59,0.54,0.05,0.05,0.27,0.72,2.48,0.14,0.36,0.54,0.27,0.09,0.05,0.36,0.09,0.36,0.14,0.05,0.45,0,0.54,1.22,0.09,0,0.14,0.27,0.18,0.45,0.09,0,0,0,0,2.03,0.09,0.05,0.14,0.05,0.14,0.14,0.09,0.18,0.05,8.38,0.05,0
H,0.31,0,0,0.13,0.18,0,0.09,0.09,0,0.13,0,0.22,0,4.47,0.09,0.4,0.13,5.76,0.09,0.18,0,0,0.4,0,0,0,0,0,0,0.22,0.93,0.84,0,0,0,0.13,0.09,0.13,0.13,0,0,0.18,0,0.09,0,0,0.18,0.27,0.09,0.18,0,0.09,0,0.66,0.13,0.13,0,0.09,0,0,0.49,0.09,0,0,0,0,0.22,0.31,0.18,0.18,0.09,0.18,1.99,0.4,0.13,0.13,0,0.18,0,0,0.18,0.13,0,0.09,0.13,0.44,0,0.35,0.22,0,0.09,0,0.35,0,0,0,0.18,0,0.53,0.13,0.13,0.31,0.09,0.09,0.22,0,0.18,0.22,0.09,0.13,0,0.44,0,0,0,0.35,0.71,0.13,0.22,0.09,0.09,0.22,0.84,0.09,0.09,0.35,0,0,0,0,0.4,0.35,0.13,1.64,0.53,0.18,0,0.27,0,0.18,0.53,0.35,0,0,0.13,0.13,0,0.62,0.97,0,0,0.93,0.27,0.18,0.13,0,2.88,0.44,0,1.82,0.13,1.15,0.58,0.27,0,0.18,0.18,0.4,2.08,0.13,0.35,0.31,0.4,0.22,0,0.27,0,0.18,0.18,0.18,0.22,0,0.35,0.97,0,0,0.18,0.35,0.27,0.4,0.22,0,0.18,0,0,1.99,0.22,0.09,0.18,0,0.09,0.31,0,0,0.18,8.33,0.09,0
H,0.4,0,0,0.11,0,0.07,0,0.07,0,0.62,0,0,0,4.37,0.07,0.33,0.26,6.49,0,0.18,0.22,0,0.36,0,0.11,0,0,0,0.15,0.11,0.26,0.51,0,0.11,0.11,0.07,0,0.07,0.29,0,0,0.11,0.11,0.07,0,0,0,0.26,0,0.36,0,0,0.11,0.62,0.11,0.07,0,0.18,0.18,0.11,0.44,0.26,0.07,0,0,0.07,0.91,0.18,0.07,0.11,0.33,0,2.88,0.26,0.11,0,0.18,0,0,0,0.18,0,0.15,0,0,0.77,0.29,0.22,0.07,0,0,0.11,0,0.07,0,0.36,0,0,1.02,0.26,0,0,0,0.11,0.15,0.07,0.07,0.22,0.11,0.26,0,0.18,0,0,0,0.8,0.18,0.36,0.66,0,0.11,0.47,0.51,0.07,0.11,0.15,0,0,0,0,0.36,0.07,0,1.53,0.36,0.07,0,0.15,0.07,0.33,0.51,0.22,0,0.15,0.07,0.33,0,0.84,1.28,0,0.07,0.98,0.58,0,0.15,0.07,2.41,0,0.15,1.28,0.18,1.28,0.55,0.36,0.07,0.11,0.15,0.84,2.37,0.11,0.36,0.29,0,0.22,0.11,0.18,0.07,0.51,0.15,0.07,0.55,0,0.29,0.98,0,0,0.11,0.55,0.15,0.22,0.26,0.07,0,0,0,1.6,0.4,0,0.15,0,0.07,0,0,0,0.18,9.15,0.18,0.18
H,0.16,0,0,0.1,0,0.16,0,0,0,0.78,0,0,0.05,3.8,0.1,0.26,0.16,5.89,0.1,0.31,0.31,0,0.36,0.16,0.21,0.05,0.05,0.05,0.05,0.42,0.42,0.68,0.16,0.21,0,0.1,0,0,0.26,0.05,0.16,0.21,0.16,0.05,0.05,0.05,0,0.31,0.16,0.63,0.21,0,0.05,0.31,0,0,0,0.05,0,0.26,0.68,0.31,0.1,0.1,0,0.1,0.99,0.1,0.05,0.1,0.1,0.16,2.29,0.1,0.05,0.05,0,0.21,0.05,0.1,0,0.05,0.31,0,0.1,0.89,0.16,0.31,0.05,0,0.1,0.31,0,0.16,0.05,0.1,0.16,0.05,0.36,0.16,0.05,0.26,0.05,0.1,0.26,0,0,0.21,0,0.21,0.1,0.05,0,0.05,0.05,0.63,0.83,0.42,0.36,0.05,0.16,0.78,0.52,0.05,0,0.21,0.16,0.05,0.05,0,0.47,0.05,0,1.51,0.47,0.21,0,0.26,0.1,0.21,0.52,0.36,0.1,0.1,0.21,0.31,0,0.94,0.83,0.05,0,1.09,0.31,0.1,0.16,0.05,1.77,0,0,0.89,0,1.72,1.25,0.52,0,0.1,0.42,1.15,3.23,0,0.57,0.31,0.16,0,0.05,0.42,0.05,0.63,0.1,0,0.89,0.05,0.21,0.94,0.05,0.05,0.1,0.89,0.26,0.16,0.1,0.05,0.16,0,0.1,2.55,0.16,0,0,0.05,0.16,0.21,0.16,0.1,0.16,9.28,0.05,0
H,0.44,0,0,0.27,0,0.13,0,0,0.09,0.49,0,0,0,3.86,0,0.36,0.09,6.44,0,0.27,0,0,0.44,0,0.09,0,0,0,0.09,0.09,0.58,0.58,0,0,0.13,0,0,0.09,0,0,0,0.09,0,0.09,0.18,0.13,0,0.4,0.27,0.49,0.13,0,0,0.53,0,0,0,0,0.27,0.13,0.58,0.18,0,0,0,0,0.62,0.22,0,0.09,0.22,0.27,2.93,0.18,0.22,0,0,0.18,0.13,0,0,0,0.09,0,0,0.93,0.13,0.27,0.18,0,0.18,0.31,0.13,0,0,0.27,0,0,0.84,0,0,0.22,0.13,0,0.22,0,0,0.27,0.09,0.18,0.18,0.22,0,0.13,0,0.53,1.24,0.18,0.36,0,0,0.09,0.62,0.13,0,0.4,0,0.09,0,0,0.18,0,0.09,2.04,0.4,0,0,0.27,0,0.09,0.31,0.31,0,0,0.09,0.13,0.09,0.75,0.98,0.18,0,0.93,0.18,0.09,0.09,0,1.64,0,0,1.24,0.13,1.86,0.53,0.18,0.13,0.18,0.4,0.36,3.6,0.09,0.53,0.27,0.18,0.44,0,0.18,0.13,0.44,0,0.22,0.18,0,0.36,0.71,0,0,0.09,0.44,0.31,0.36,0.18,0,0,0,0,2.35,0.27,0,0.09,0.13,0.18,0.27,0,0.22,0.09,9.94,0,0
H,0.13,0,0.2,0.46,0.07,0.07,0,0,0.07,0.2,0,0,0.07,4.0,0.26,0.26,0.2,6.56,0,0.26,0.2,0,0.13,0,0,0,0,0,0.07,0.07,0.72,0.52,0,0.13,0.26,0.07,0.07,0,0.26,0.2,0.2,0.13,0.2,0.07,0,0.13,0,0.33,0.26,0.2,0.13,0,0,0.59,0,0,0,0,0.13,0.33,1.11,0.2,0,0.13,0.2,0,0.85,0.07,0.39,0.13,0,0.2,2.43,0.13,0.13,0,0.07,0.2,0.07,0.13,0,0.33,0.33,0,0,0.33,0.2,0.39,0.13,0,0,0.2,0.13,0.2,0,0.13,0.13,0,0.52,0,0,0.13,0.2,0.2,0.2,0,0.07,0.2,0,0,0.2,0.46,0.07,0.13,0,0.52,1.11,0.07,0.33,0,0,0.59,0.33,0,0,0,0.2,0,0.26,0,0.26,0.07,0,2.1,0.2,0.13,0,0.26,0,0.07,0.46,0.79,0.07,0.07,0,0,0,0.92,1.18,0.13,0,0.46,0.39,0,0.07,0,1.64,0.07,0,0.66,0,1.64,0.33,0.39,0.2,0.13,0.79,0.79,3.08,0,0.33,0.46,0.07,0.13,0.13,0.33,0.07,0.13,0.13,0.52,0.39,0.07,0.52,0.79,0.2,0,0.13,0.72,0.26,0.2,0.26,0.33,0,0,0,2.3,0.33,0.07,0.07,0,0,0.13,0,0.59,0.07,9.9,0,0.07
H,0.2,0,0.1,0.05,0,0.1,0.05,0.15,0.1,0.2,0,0,0.1,4.2,0.05,0.3,0.05,6.47,0.05,0.44,0.3,0.15,0.25,0,0,0.05,0,0.1,0,0.15,0.3,0.89,0,0.05,0.1,0.05,0.1,0.05,0,0.1,0.1,0.1,0,0.05,0,0,0.15,0.15,0.3,0.05,0.2,0,0.1,0.4,0.05,0,0.05,0,0.1,0.1,0.79,0,0.1,0.1,0,0.05,0.2,0.1,0.15,0.3,0.15,0.2,3.21,0.05,0.25,0.05,0.15,0.05,0,0.15,0.05,0.05,0.05,0,0.05,0.79,0,0.25,0.1,0,0.05,0.25,0,0.15,0,0.1,0,0.2,0.89,0.15,0,0.05,0.1,0.15,0.15,0,0.05,0.3,0.1,0.2,0.05,0.15,0.1,0.05,0,0.59,1.24,0.15,0.25,0.15,0,0.59,0.25,0.05,0.05,0.05,0.25,0.1,0.1,0,0.35,0,0,1.19,0.25,0.05,0.05,0.05,0.25,0.05,0.59,0.25,0.05,0,0,0.05,0.05,0.89,0.89,0,0,1.43,0.25,0.05,0.05,0.05,1.83,0.59,0.2,0.84,0.1,1.63,0.54,0,0,0.15,0.3,0.84,2.52,0,0.15,0.15,0.15,0.05,0.05,0.15,0.15,0.35,0.05,0.2,0.05,0.05,0.4,1.19,0.1,0,0,0.35,0.59,0.49,0.49,0.35,0.05,0.05,0.1,2.17,0.05,0.05,0.1,0.05,0,0.25,0,0,0,10.87,0,0
H,0.35,0,0.09,0.09,0.09,0,0,0.09,0,0.18,0,0,0.13,3.7,0.13,0.26,0.09,7.41,0,0.44,0,0.44,0.44,0,0,0,0.09,0.09,0.09,0.13,0.75,0.97,0,0.09,0.13,0.13,0,0,0.09,0.09,0.13,0.09,0.26,0,0.13,0,0,0.09,1.01,0.13,0.09,0,0.18,0.18,0.13,0.09,0,0.13,0.18,0.18,0.71,0,0.09,0,0,0.13,0.18,0.09,0.22,0.09,0,0.44,1.72,0.22,0.09,0,0.09,0,0,0.18,0,0.09,0.18,0,0,0.57,0.18,0.31,0,0,0,0.18,0,0.31,0.09,0.22,0,0,0.53,0.09,0,0.13,0,0.09,0.09,0,0.09,0.22,0.09,0.26,0,0.22,0.09,0.13,0,0.49,0.44,0.13,0.22,0,0,0.44,0.62,0.09,0.22,0.13,0.18,0.26,0.09,0,0.53,0.13,0,1.59,0.31,0.13,0,0,0.13,0,1.01,0.31,0,0,0.18,0.49,0,0.93,0.88,0,0,1.01,0.13,0.13,0,0,1.85,0,0,1.28,0.26,1.54,0.53,0,0,0.13,0,0.57,3.13,0,0.31,0.71,0.09,0,0,0.22,0.09,0.22,0,0.26,0.4,0.09,0.35,0.66,0,0,0,0.35,0.35,0.49,0.18,0.22,0,0.13,0,2.16,0.26,0,0.09,0,0,0.31,0.22,0,0.13,11.07,0.18,0
H,0.24,0,0.12,0.24,0,0,0,0.12,0.06,0.18,0,0,0.06,5.07,0.3,0.24,0.06,6.64,0.3,0.18,0,0.12,0,0,0.12,0,0,0,0.12,0,0.24,0.78,0.06,0,0,0.12,0.06,0,0.06,0,0,0,0.18,0.06,0,0.06,0,0.24,0.91,0.18,0.06,0,0,0.42,0,0.06,0.06,0.24,0,0.36,0.66,0,0.06,0,0,0,0.36,0.06,0.12,0.18,0.06,0.36,1.09,0.12,0,0,0.06,0,0,0,0,0.12,0.06,0,0.06,0.84,0.24,0.18,0.12,0,0,0.12,0.06,0.12,0.06,0.18,0.12,0,0.3,0.24,0,0,0,0.18,0.06,0.06,0,0.18,0.06,0.12,0.06,0.06,0,0.06,0.06,0.3,0.3,0,0.18,0.06,0.06,1.03,0.3,0.06,0.18,0,0,0,0.06,0,0.18,0,0.06,0.97,0.3,0.06,0,0,0.06,0.24,0.72,0.3,0,0.06,0.06,0.72,0,0.72,0.91,0.12,0,0.18,0.18,0,0.06,0,2.78,0.3,0,1.09,0,1.21,0.48,0.54,0,0,0.3,1.27,2.17,0,0.18,0.24,0.3,0,0.48,0.24,0.06,0.12,0,0,0.66,0,0.24,1.57,0.06,0,0.42,0.18,0.36,0.36,0.06,0,0,0.6,0.18,1.45,0.42,0,0.12,0.06,0.06,0.42,0,0.06,0.12,11.04,0.24,0
H,0.6,0,0,0.26,0,0.07,0,0,0,0.2,0,0,0.07,5.03,0.13,0.26,0.2,5.83,0.13,0.53,0,0.2,0.26,0.2,0,0.07,0,0,0.07,0.13,0.53,0.73,0.07,0,0.07,0.2,0,0,0.13,0.07,0.07,0,0.07,0,0.07,0.07,0,0.6,0.26,0.13,0.07,0,0,0.26,0.07,0.07,0.13,0.07,0.07,0.13,1.06,0.07,0.13,0,0,0.13,0.66,0,0.07,0.07,0,0.4,2.38,0.2,0.26,0.13,0.07,0.07,0,0,0,0.07,0,0,0,0.79,0,0.2,0.13,0,0,0.13,0,0.2,0.07,0.07,0.2,0.13,0.4,0.13,0,0.13,0.07,0,0,0.07,0.4,0.46,0.07,0.2,0.2,0.33,0,0.13,0.07,0.73,0.46,0.2,0.07,0.07,0.13,0.33,0.79,0.13,0.13,0,0.2,0.07,0.73,0,0.13,0,0.07,1.32,0.6,0.07,0,0.07,0,0.07,0.53,0.4,0,0.07,0,0.4,0,0.86,1.13,0,0,0.86,0.07,0.13,0.2,0.07,1.99,0.4,0,1.26,0,1.32,0.6,0.33,0.13,0,0.4,0.93,2.65,0.2,0.53,0.26,0.2,0.07,0.26,0.2,0.07,0.46,0.07,0.07,0,0.13,0.33,0.99,0,0,0.26,0.33,0.86,0.13,0.4,0.07,0,0.86,0,1.99,0.07,0,0.13,0.07,0.13,0.4,0,0.13,0,9.4,0.13,0
H,0.6,0,0.07,0.13,0,0,0,0.07,0,0.23,0,0,0,3.4,0.23,0.17,0.1,7.81,0.37,0.07,0.07,0.13,0.23,0,0.07,0,0,0.13,0.07,0.17,0,0.37,0.07,0,0.17,0.1,0.1,0,0,0,0,0,0.23,0,0.2,0,0,0.13,0.17,0.23,0,0,0.37,0.2,0,0,0,0.1,0.1,0.23,0.6,0,0.1,0.1,0,0.07,0.33,0.17,0.67,0.1,0.1,0,1.7,0.3,0,0.1,0,0,0.07,0.07,0,0.53,0,0,0.1,0.73,0.27,0.2,0.43,0,0,0.17,0,0.1,0.13,0.17,0.07,0,0.47,0.1,0,0.1,0,0,0.27,0.1,0.1,0.37,0,0.13,0.3,0.2,0.07,0,0,0.4,0.9,0.13,0.33,0,0,0.27,0.2,0.13,0,0,0.07,0,0.3,0.1,0.23,0,0,1.53,0.33,0.1,0,0.1,0.1,0.07,0.63,0.4,0.07,0.07,0.07,0.4,0,1.07,0.53,0.1,0,0.2,0.6,0.1,0,0.07,3.47,0.53,0,1.77,0.17,1.0,0.47,0.53,0.13,0,0.2,0.57,2.3,0.1,0.2,0.4,0.1,0.07,0.43,0.37,0,0.23,0.13,0.2,0.7,0.07,0.67,0.67,0,0,0.2,0.33,0.17,0.4,0.17,0,0.1,0.8,0.13,2.2,0.2,0,0.1,0,0.13,0.07,0,0.27,0.07,10.67,0.1,0.13
H,0.25,0.1,0,0.1,0.05,0.1,0,0.1,0.1,0,0.1,0,0.1,2.84,0.05,0.34,0,7.55,0.2,0.05,0,0,0.15,0,0,0.05,0.05,0.1,0,0.05,0.59,0.78,0,0,0,0,0.1,0.05,0.2,0.15,0,0,0.1,0,0,0,0.2,0.2,0,0.2,0.2,0,0,0.88,0,0.2,0.15,0,0.1,0.05,0.64,0,0.15,0.05,0,0.1,0.29,0.34,0.1,0.1,0.25,0,0.88,0.25,0.25,0,0.05,0.1,0.05,0.05,0.05,0.05,0.1,0.1,0,0.54,0.05,0.1,0.1,0.1,0.05,0,0,0.2,0.1,0.05,0.1,0,0.93,0,0.15,0.05,0,0.2,0.34,0.05,0.05,0.15,0.05,0.15,0,0.1,0,0.05,0,0.69,0.29,0,0.39,0.05,0.05,0.59,0.64,0.1,0.1,0.25,0,0.2,0.49,0.49,0.39,0.1,0.05,1.08,0.15,0.15,0,0.15,0,0.29,0.54,0.29,0.05,0,0.05,0.49,0,0.54,0.93,0.1,0.49,0.29,0.1,0.25,0.05,0,3.63,0.15,0,0.39,0.15,0.54,0.54,0.34,0,0,0.29,1.32,2.7,0.1,0,0.25,0.29,0.05,0.05,0,0.05,0.1,0,0.25,0.2,0,0.44,1.03,0.1,0,0.05,0.15,0.34,0.2,0.15,0,0,0,0,2.31,0.1,0.2,0.29,0.05,0,0.2,0.05,0.2,0.1,8.14,0,0
H,0.22,0.06,0,0,0.1,0,0,0,0,0.26,0,0,0.06,3.85,0.13,0.29,0.13,5.91,0.13,0.1,0.1,0.93,0.19,0.16,0.06,0,0,0,0,0.1,0.96,0.48,0,0,0.06,0.13,0,0.06,0,0,0.13,0.06,0.26,0,0,0,0.19,0.19,0,0.1,0.06,0.1,0.19,0.67,0,0,0.06,0.06,0.19,0.16,0.77,0,0.16,0.06,0.1,0.1,0.22,0.19,0.16,0.19,0.19,0.06,1.22,0.19,0.16,0.06,0,0,0.06,0.06,0,0.1,0.06,0.06,0.13,0.48,0.1,0.45,0.22,0,0,0,0,0.22,0,0.29,0,0.13,0.71,0.26,0,0.06,0.1,0.16,0.1,0,0.22,0.29,0.06,0.16,0,0.22,0,0.06,0,0.58,0.35,0,0.42,0,0,0.48,0.71,0.22,0.16,0,0,0.06,0.19,0,0.55,0.13,0.06,1.12,0.48,0.06,0,0,0.06,0,0.61,0.45,0,0.13,0.1,0.32,0,0.51,0.71,0.1,0,0.35,0.16,0.22,0,0,2.54,0.42,0,1.57,0.16,1.22,0.61,0.1,0.29,0,0.39,0.93,2.79,0.1,0.42,0.32,0.26,0.06,0.06,0.32,0,0.42,0.19,0,0.26,0,0.1,0.87,0.06,0,0.06,0.51,0.51,0.19,0.35,0.1,0,0,0,2.15,0.32,0.06,0.06,0.06,0.13,0.35,0,0,0.13,9.25,0.06,0
H,0.11,0,0.11,0.17,0.06,0.11,0,0.06,0.06,0.17,0,0.11,0.06,4.46,0.11,0.17,0.11,5.72,0.8,0.46,0.06,0.57,0.17,0.17,0.11,0.11,0.34,0,0.06,0.17,0.97,0.4,0,0.06,0,0,0.11,0,0,0,0.06,0,0.06,0,0.06,0,0.11,0.69,0,0,0.11,0.11,0.11,0.29,0,0,0,0.06,0.29,0.17,0.57,0,0.11,0.17,0.06,0.06,0.11,0.11,0.23,0.23,0.29,0.23,2.17,0.11,0.23,0.11,0.06,0,0.11,0.11,0.06,0.06,0.06,0,0,0.86,0.23,0.4,0,0,0,0,0,0.06,0,0.23,0,0,0.97,0.11,0,0.11,0,0.23,0,0.06,0,0.46,0.11,0.29,0.11,0.34,0.34,0.11,0,0.86,0.91,0,0.17,0.06,0.06,0.29,0.8,0,0.11,0.06,0,0.17,0.29,0,0.34,0.17,0,1.26,0.34,0.06,0,0,0,0.06,0.8,0.29,0.06,0,0.17,0.29,0.06,0.46,0.97,0.06,0,0.4,0.11,0.17,0.06,0.11,2.23,1.09,0.06,0.8,0.11,1.72,0.51,0.06,0,0.06,0.46,0.51,2.23,0.06,0.4,0.51,0,0,0.06,0.06,0.06,0.29,0.11,0.17,0.23,0.06,0.63,1.09,0,0,0.06,0.57,0.4,0.17,0.06,0,0,0.06,0,2.57,0.06,0,0.11,0,0,0.29,0.17,0.23,0,10.29,0.17,0.06
H,0.2,0.05,0,0.15,0.05,0.05,0,0.1,0.05,0.34,0.05,0,0,4.84,0.05,0.05,0.1,5.87,1.27,0.54,0.15,0.2,0.24,0.15,0.24,0,0.1,0.2,0,0.15,0.49,0.64,0.1,0,0,0.1,0.15,0,0,0.05,0.1,0.2,0,0.05,0.05,0.05,0.05,0.39,0,0,0.15,0,0,0.34,0,0,0.05,0.29,0.24,0.05,0.68,0,0.05,0,0.05,0,0.1,0.05,0.1,0.2,0.05,0.05,2.01,0.15,0.49,0.05,0.05,0.05,0,0.15,0,0.05,0,0,0.1,0.83,0.05,0.29,0,0,0.05,0.34,0.05,0,0.05,0.34,0.05,0,0.78,0.24,0.05,0.15,0.05,0.39,0,0.05,0,0.2,0.15,0.34,0,0,0.05,0,0,0.68,1.22,0,0.44,0.05,0.1,0.2,0.59,0.15,0.15,0.05,0,0.15,0.2,0.1,0.49,0.05,0.05,0.93,0.24,0.2,0,0.1,0,0.05,0.49,0.34,0.1,0.1,0.15,0.24,0,0.49,0.78,0.05,0.05,0.34,0.1,0.2,0.15,0,2.54,1.71,0.15,1.17,0.05,1.08,0.59,0,0,0,0.59,0.34,1.71,0.05,0.1,0.24,0.34,0.1,0,0.29,0,0.24,0.44,0.2,0.1,0,0.1,0.98,0.1,0,0.05,0.44,0.2,0.24,0.39,0.05,0.1,0.05,0,2.69,0.1,0,0.15,0.1,0.05,0.05,0.05,0.29,0.05,8.71,0.2,0
H,0.34,0,0.13,0.17,0.13,0.17,0,0,0,0.38,0,0.13,0.08,3.5,0.13,0.25,0.13,6.03,0.42,0.42,0.08,0.84,0.21,0.21,0.17,0,0.21,0,0,0.17,0.59,0.55,0.3,0,0,0.08,0,0.08,0.17,0.08,0.08,0,0.25,0,0,0,0.21,0,0,0,0.08,0,0.08,0.34,0.08,0.08,0,0.08,0.08,0.17,0.59,0,0.08,0.08,0.08,0,0.17,0,0.13,0.13,0.17,0.51,2.07,0,0.21,0,0,0,0,0,0,0,0.13,0,0,1.14,0.21,0.21,0.08,0,0,0.08,0,0.21,0,0,0.08,0,1.01,0.08,0,0,0.08,0.08,0.17,0,0.13,0.34,0,0.08,0,0.3,0.59,0,0,0.55,1.22,0,0.21,0,0,0.63,0.34,0.17,0.25,0.08,0.13,0,0.08,0,0.42,0,0,1.69,0.42,0.08,0,0,0,0,0.63,0.59,0,0,0.25,0.59,0.17,1.14,0.46,0.08,0,0.8,0.13,0.13,0,0.13,1.77,1.05,0,1.22,0.21,1.81,0.38,0.17,0.13,0.13,0.42,0.63,2.62,0,0.51,0.21,0.08,0,0.21,0.21,0.08,0.17,0.13,0.21,0.72,0,0.51,0.84,0.08,0,0.25,0.51,0.34,0.55,0,0.08,0.08,0.21,0.08,2.7,0.08,0,0.08,0,0.08,0.21,0,0.08,0.13,8.73,0.08,0.3
H,0.1,0,0,0.1,0.2,0,0,0.1,0,0.3,0.1,0.2,0,3.58,0.1,0.3,0,8.26,0.1,0.8,0.3,0.2,0.1,0.2,0,0,0,0,0,0.2,0.2,0.4,0,0,0.1,0.2,0.1,0.2,0.2,0.1,0,0.1,0,0.1,0.1,0.1,0.4,0.2,0,0,0,0,0.2,0.3,0,0,0.2,0.1,0,0.1,0.9,0,0.1,0.1,0,0,0.2,0,0.1,0,0,0.4,2.39,0.1,0.2,0,0,0.1,0,0,0,0.1,0,0.1,0,0.2,0.2,0.4,0,0,0.1,0.1,0,0.2,0,0,0.2,0,1.19,0.1,0,0,0,0.3,0.2,0,0,0.3,0,0.3,0,0.2,0.1,0.2,0,0.3,0.9,0,0.4,0,0,0.2,0.2,0.1,0.1,0,0,0,0.1,0.2,0.1,0,0,1.29,0.2,0.3,0,0.2,0.1,0.1,0.4,0.2,0,0,0.3,0.2,0,0.8,1.0,0,0,0.1,0,0.2,0,0,2.29,0.1,0,1.09,0,1.39,0.7,0.5,0.3,0.3,0.2,0.5,2.39,0,0.3,0.3,0.1,0.1,0.4,0,0,0.2,0.6,0.2,0.6,0.2,0.4,1.09,0.1,0,0.1,0.7,0,0.3,0.3,0.2,0,0.4,0.2,2.69,0.3,0,0,0.1,0.1,0.3,0,0.1,0,10.35,0,0.1
H,0.36,0,0,0.05,0.05,0,0,0.05,0.1,0.36,0,0.21,0.15,4.67,0.21,0.21,0.26,7.65,0.1,0.26,0.26,0.41,0.26,0.05,0.26,0,0.21,0.1,0.05,0.05,0.15,0.62,0.15,0.05,0.05,0.1,0,0.15,0,0.05,0.15,0.15,0.36,0.1,0,0.1,0.1,0.21,0.62,0.05,0.1,0,0.05,0.36,0.15,0.1,0.05,0,0,0.05,0.36,0,0.26,0,0,0.1,0.21,0.05,0.21,0.05,0.21,0.46,1.44,0.36,0.05,0.15,0.05,0,0.05,0,0.05,0.05,0.51,0.05,0.05,0.82,0,0.26,0.15,0,0,0.1,0,0.1,0.41,0.15,0.1,0.15,0.46,0,0,0.05,0.05,0.05,0.1,0.05,0.41,0.26,0.21,0.1,0.05,0,0.21,0.05,0.05,0.51,1.39,0.21,0.15,0.05,0,0.51,0.1,0.1,0.05,0.05,0.05,0,0.1,0,0.21,0.1,0.05,1.8,0.26,0.26,0,0.05,0.05,0,0.77,0.41,0.21,0.05,0.1,0.36,0,0.72,0.87,0.05,0.05,0.31,0,0,0,0.26,1.85,0.41,0,0.87,0,1.39,0.62,0.15,0.1,0.05,0.1,0.82,2.26,0.15,0.1,0.15,0.05,0.1,0.05,0.1,0.1,0.15,0.21,0.1,0.67,0.05,0.21,0.87,0.15,0.1,0.31,0.26,0.1,0.26,0.1,0.1,0.1,0.36,0.05,2.67,0.26,0.1,0.05,0,0,0.31,0.05,0.05,0.05,10.68,0.15,0.21
H,0.22,0,0.13,0.09,0,0.09,0,0.09,0,0.26,0,0,0,4.16,0.13,0.3,0.3,5.98,0.39,0.48,0.17,0.13,0.17,0.09,0,0,0,0,0.13,0.26,0.39,0.61,0,0,0.09,0,0,0,0,0.13,0,0,0,0.17,0,0,0.22,0.13,0.43,0,0.22,0.09,0,0.22,0.09,0.09,0.17,0.09,0.09,0.09,0.52,0.09,0.13,0.09,0,0.09,0.13,0.13,0,0.17,0.39,0.61,3.17,0.17,0.39,0.09,0.09,0,0,0,0.09,0,0,0.09,0.09,1.08,0,0.17,0.09,0,0,0.3,0,0.09,0,0.26,0.09,0,1.13,0.13,0,0,0.09,0.09,0,0,0.13,0.43,0.09,0.3,0.09,0.09,0,0.13,0,0.52,1.21,0,0.3,0.09,0,0.43,0.3,0.09,0.09,0,0.09,0.09,0.09,0,0.26,0.09,0,1.69,0.3,0,0,0.09,0,0.09,0.39,0.35,0.09,0.09,0.17,0.22,0,0.78,0.78,0.09,0,1.17,0.09,0.13,0,0,2.39,0.82,0,0.95,0.17,1.26,0.69,0.17,0.17,0,0.22,0.87,2.56,0.26,0.26,0.13,0,0,0.17,0.26,0,0.13,0.13,0.09,0.48,0,0.43,0.91,0,0,0.35,0.35,0.69,0.43,0.22,0,0.09,0.35,0.09,2.21,0.17,0,0.09,0.13,0,0.09,0,0.22,0,9.11,0.22,0
H,0.51,0,0.1,0.1,0.1,0.15,0,0.1,0,0.3,0,0,0.1,3.64,0.2,0.05,0.05,7.28,0.3,0.3,0,0.56,0.25,0.2,0.05,0,0.05,0,0.2,0.05,0.25,0.3,0.15,0,0.05,0.1,0.1,0.05,0.1,0,0.1,0.05,0.05,0.1,0.2,0,0.1,0.2,0.71,0,0.3,0.05,0.05,0.3,0.1,0,0.05,0,0.45,0.15,0.96,0,0.1,0.05,0,0.05,0.3,0,0.1,0.45,0.15,0.35,1.92,0.1,0.2,0.05,0,0.05,0.1,0.05,0.05,0.05,0.05,0.05,0.05,0.81,0.15,0.15,0.15,0,0,0.3,0,0.05,0,0.2,0,0,0.45,0.05,0,0.05,0,0.15,0,0,0.2,0.2,0,0.3,0.05,0.1,0.05,0.05,0,0.66,1.62,0.15,0.15,0,0.05,0.45,0.61,0.1,0.1,0,0.1,0.05,0.1,0,0.35,0,0.05,1.62,0.2,0.15,0,0.05,0.05,0.05,0.3,0.3,0,0.1,0,0.45,0,0.86,0.91,0.1,0,0.51,0.4,0.1,0,0.1,2.07,0.3,0,1.06,0.35,1.47,0.96,0.15,0.05,0,0.3,0.66,3.03,0.15,0.3,0.3,0.1,0.15,0.1,0.1,0,0.25,0.2,0.1,0.66,0.1,0.25,0.76,0.15,0.05,0.15,0.1,0.15,0.51,0.15,0.25,0.05,0.45,0.05,3.23,0.45,0,0.05,0.1,0.15,0.2,0,0.25,0.05,9.2,0,0.05
H,0.23,0,0.07,0.13,0.1,0,0,0,0,0.42,0,0,0.1,4.17,0.23,0.33,0.1,6.13,0.07,0.07,0.23,0.16,0.36,0.13,0.1,0,0.07,0,0.07,0.23,0.65,0.59,0.07,0,0.07,0.07,0,0,0.13,0,0,0.13,0.2,0.07,0,0,0,0.46,0,0,0.1,0,0.26,0.42,0.1,0.07,0.1,0.07,0.07,0.72,0.49,0,0.13,0.1,0.1,0.07,0.1,0.2,0,0.1,0.2,0.26,2.15,0.07,0.13,0,0.16,0.1,0,0.13,0,0,0,0,0.13,0.82,0.2,0.33,0.2,0,0,0,0,0.1,0,0.46,0.07,0.07,0.62,0.1,0.1,0.07,0,0.1,0.07,0,0,0.23,0,0.23,0,0.16,0.42,0,0,0.88,0.62,0.1,0.39,0,0,0.29,1.04,0.07,0,0,0.1,0.2,0.07,0,0.13,0,0,2.22,0.52,0,0.59,0.23,0,0.07,0.39,0.33,0.07,0,0.1,0.2,0.23,0.85,0.98,0.07,0,0.46,0.59,0,0,0.13,2.41,0.07,0,1.6,0.1,1.76,0.52,0.07,0,0,0.1,0.62,2.22,0,0.29,0.33,0.13,0.07,0,0.59,0.13,0.29,0,0,0.23,0,0.42,1.08,0,0,0.1,0.52,0.16,0.29,0.07,0.1,0.07,0,0.16,1.89,0.16,0,0.16,0,0,0.23,0.07,0.1,0.13,10.21,0,0.36
H,0.19,0,0,0.29,0.1,0.19,0,0.1,0.1,0.19,0,0,0.19,4.04,0.29,0,0.1,5.29,0.1,0.19,0.1,0,0.1,0.29,0,0,0.1,0,0,0.19,0.38,0.77,0.1,0,0,0.19,0.1,0,0,0.1,0,0.1,0,0,0,0,0,0.1,0.1,0,0.29,0,0,0.58,0.1,0.19,0.1,0,0.1,0.38,1.44,0,0,0.1,0,0.19,0.38,0.19,0.19,0.1,0.1,0.1,2.88,0.38,0.29,0,0.1,0.29,0,0,0,0.19,0,0,0.1,0.38,0.1,0.48,0,0,0.1,0.1,0,0,0,0.19,0.1,0,0.38,0.1,0,0.29,0.1,0,0.1,0,0,0.1,0,0.48,0.19,0.19,0.19,0.1,0,0.67,0.48,0,0.29,0,0.1,0.48,1.15,0.19,0.19,0,0.19,0,0.1,0,0.48,0.1,0,1.83,0.29,0.1,0,0.19,0,0.1,0.38,0.67,0.1,0.19,0.1,0.77,0,0.77,0.48,0,0,0.67,0.67,0,0.19,0,2.31,0.19,0,1.06,0,1.25,0.19,0.19,0,0,0.48,0.58,3.37,0.19,0.77,0.19,0.1,0,0.1,0.38,0.19,0.19,0.1,0.1,0.38,0,0.19,1.15,0.1,0,0.38,0.58,0.38,0.19,0.19,0.1,0,0.29,0,2.21,0.29,0,0.1,0,0.1,0.1,0,0.29,0,8.56,0,0
H,0.52,0.17,0.09,0.09,0.09,0,0,0,0.17,0.09,0.17,0.13,0,3.55,0,0.35,0.22,6.85,0,0.17,0,0,0.52,0,0,0,0,0,0,0,0.3,0.61,0.13,0,0.09,0,0,0.17,0.17,0.13,0,0,0.09,0,0.13,0.09,0,0,0,0.09,0.3,0,0,0.3,0,0.22,0,0.17,0.13,0,0.61,0.13,0,0,0,0,0.35,0.35,0.48,0.17,0.13,0,2.04,0.69,0.09,0,0,0,0,0,0,0.26,0,0.26,0,1.21,0,0.56,0.17,0.17,0,0.09,0.3,0,0.13,0.13,0,0.13,0.43,0,0.13,0.17,0,0.3,0.09,0.13,0,0.17,0.09,0.13,0,0.3,0,0,0.09,0.48,2.21,0.22,0.39,0,0,0.35,0.78,0,0.09,0.17,0,0,0.3,0.09,0.26,0,0,1.17,0.13,0.3,0,0.09,0,0,0.52,0.22,0,0.09,0,0.17,0.17,0.95,0.82,0.17,0.17,0,0.13,0.39,0.13,0.09,2.21,0,0,0.61,0,0.74,0.65,1.34,0,0.09,0.48,1.0,1.86,0.17,0.3,0.52,0.48,0.22,0.09,0.13,0,0.09,0,0.13,0.09,0,0.39,1.04,0.13,0,0,0.13,0.09,0.48,0,0,0,0,0,2.08,0,0,0.09,0,0,0.17,0.13,0,0,8.97,0.09,0
H,0.77,0.2,0.08,0.12,0,0,0.41,0.08,0.08,0.41,0.33,0,0.08,4.63,0.08,0.61,0.45,6.87,0,0,0.49,0,0.24,0,0,0,0,0,0.08,0.08,0.33,0.61,0,0,0.12,0.12,0.08,0,0.08,0,0,0.2,0.16,0,0,0,0,0,0,0.45,0.33,0.2,0.53,0.85,0.33,0,0.12,0.12,0.24,0.41,0.49,0.49,0.08,0,0,0.08,0.93,1.06,0.08,0.2,0.08,0,1.95,0.08,0,0,0,0.08,0,0.08,0.08,0,0.16,0,0,0.53,0,0.37,0,0,0,0.08,0.93,0.2,0.16,0,0,0.08,0.89,0.16,0.16,0.16,0,0,0,0.08,0,0.2,0.2,0.24,0,0.16,0,0,0,0.28,0.41,0.49,0.28,0,0.08,0.57,0.24,0,0,0,0.12,0,0.12,0,0.08,0,0,1.02,0.16,0.08,0.37,0.16,0.77,0.16,0.45,0.16,0,0,0,0.24,0,0.57,0.81,0.12,0.16,0.65,0.2,0.08,0,0.16,2.76,0.08,0,0.93,0,1.26,0.33,1.54,0,0.08,0.12,0.77,1.91,0.2,0.28,0.2,0.49,0.37,0.53,0.28,0.08,0.24,0,0.33,0.16,0,0.28,1.79,0.08,0,0.2,0.57,0,0.24,0.2,0.16,0.08,0,0.28,1.54,0.12,0.08,0.12,0,0.12,0.2,0.12,0,0.08,10.37,0.08,0.53
H,0.33,0.05,0.13,0.08,0.08,0,0.54,0.15,0.08,0.26,0.38,0,0.1,4.16,0.15,0.31,0.13,6.33,0,0.18,0.18,0,0.41,0.05,0.05,0,0.08,0.05,0.1,0.26,0.28,0.66,0.1,0.1,0.15,0.1,0,0.05,0.08,0.1,0.05,0.08,0.05,0.08,0.05,0.08,0,0,0.05,0.28,0.15,0.05,0.2,0.38,0.13,0.1,0.13,0.08,0.05,0.33,0.54,0.2,0.15,0.26,0,0.1,0.66,0.1,0.23,0.2,0.1,0.31,2.17,0.05,0.2,0.05,0.08,0.05,0,0.13,0,0.05,0.05,0,0.15,0.82,0.33,0.41,0.15,0,0,0.13,0,0.15,0,0.08,0.13,0,0.54,0.08,0,0.05,0.08,0.1,0.05,0.05,0,0.26,0.1,0.33,0.08,0.2,0.2,0,0,0.51,0.54,0.08,0.48,0,0,0.56,0.28,0,0.13,0,0.18,0,0.05,0,0.1,0,0,1.25,0.51,0.18,0.69,0.15,0.26,0.18,0.36,0.15,0,0,0.1,0.31,0,1.12,1.17,0.18,0,0.77,0.15,0.08,0,0,2.24,0,0,1.56,0,1.63,0.56,0.46,0,0,0.18,0.59,3.44,0.1,0.38,0.15,0.13,0.08,0.2,0.2,0.1,0.18,0.05,0.23,0.51,0,0.15,1.05,0.15,0.05,0.18,0.64,0.13,0.33,0.08,0.26,0.08,0,0.51,2.22,0.28,0.05,0.15,0,0.15,0.13,0,0.1,0.05,9.92,0.05,0.2
H,0.45,0,0.19,0.06,0.13,0,0.97,0.19,0,0.26,0.58,0,0.19,5.35,0.32,0.39,0.13,6.06,0,0.06,0.13,0,0.26,0,0.06,0,0,0,0.06,0.26,0.65,0.84,0.06,0.13,0,0,0.06,0,0.06,0,0,0.26,0,0,0.06,0.06,0,0.06,0,0.71,0.06,0.19,0.58,0.71,0.13,0.06,0.06,0.06,0.13,0.26,0.26,0.77,0.13,0.06,0,0.06,1.16,0.13,0.19,0.06,0.13,0,2.32,0.13,0.06,0,0.06,0,0,0.06,0.19,0.13,0,0,0.13,0.26,0.19,0,0,0,0,0.06,0,0,0,0.13,0.13,0.19,0.84,0.19,0,0.06,0,0,0.06,0.06,0.13,0.58,0.13,0.39,0.13,0.32,0.06,0,0,0.9,0.71,0.58,0,0,0.13,0.06,0.39,0,0,0,0.19,0,0.06,0,0.06,0,0,1.23,0.26,0.13,1.74,0.19,0.52,0.13,0.39,0.19,0.06,0,0.19,0,0,0.9,0.97,0.06,0,0.45,0.32,0.06,0.06,0,2.65,0,0.06,1.03,0,0.84,0.65,0.52,0.06,0,0.13,0.45,2.45,0.26,0.06,0.13,0.39,0,0.32,0.26,0.32,0.19,0.06,0.06,0.65,0,0.13,1.16,0,0.19,0.65,0.9,0,0.26,0.32,0.19,0.06,0,0,1.42,0.58,0.13,0.06,0,0.13,0.06,0,0.19,0,10.84,0,0.26
H,0.48,0,0.07,0.07,0.09,0,0.26,0.15,0.07,0.36,0.39,0,0.07,3.75,0.15,0.22,0.17,5.67,0,0.19,0.1,0,0.36,0.05,0,0,0,0,0.12,0.21,0.5,0.62,0,0,0.09,0.07,0,0.12,0.09,0.05,0.09,0.12,0,0,0,0.05,0,0.05,0,0.1,0.14,0,0.09,0.74,0.15,0.1,0.05,0.07,0,0.22,0.67,0.12,0.07,0.05,0.17,0.09,0.56,0.15,0.17,0.09,0.17,0.09,1.8,0.09,0.12,0,0.1,0,0.09,0,0,0.09,0,0.09,0.15,1.4,0.12,0.31,0.31,0.09,0,0.1,0.05,0.1,0,0.26,0,0,0.45,0,0,0.12,0.05,0.09,0,0,0,0.31,0.09,0.17,0.05,0.15,0.05,0.09,0,0.38,0.82,0.09,0.38,0,0.09,0.62,0.27,0.1,0.09,0,0.19,0,0.07,0,0.39,0,0.1,2.07,0.43,0.07,0.45,0.1,0.72,0.21,0.51,0.27,0.07,0.1,0.22,0.38,0,1.03,0.92,0.12,0.07,0.41,0.1,0,0.05,0.05,2.07,0,0.1,1.99,0.09,1.75,0.34,0.39,0,0.05,0.33,0.92,3.65,0.12,0.27,0.41,0.26,0.14,0.1,0.38,0.09,0.27,0,0.15,0.17,0,0.36,1.35,0.15,0,0.09,0.27,0.17,0.34,0.21,0.31,0,0,0.26,2.38,0.38,0.09,0.09,0.05,0.1,0.12,0,0.07,0.07,8.3,0,0.12
H,0.33,0,0.26,0.12,0,0,0,0.05,0,0.17,0,0,0.07,3.33,0.21,0.21,0.4,6.98,0.05,0.05,0.21,0,0.12,0,0.1,0.05,0.07,0.05,0.1,0.14,0.52,0.71,0.05,0,0.12,0.05,0,0.05,0.05,0.1,0.07,0.1,0.12,0.05,0.05,0,0,0.26,0.07,0.17,0,0,0,0.79,0.07,0.12,0,0.1,0.26,0.64,0.64,0.05,0.05,0.05,0.33,0.1,0.64,0.05,0.24,0.21,0.05,0.1,2.24,0.26,0.12,0.05,0,0.05,0.05,0.07,0.07,0.07,0,0,0.14,0.74,0.07,0.5,0.17,0,0.07,0,0.12,0.19,0.12,0.29,0.12,0.05,0.5,0.14,0.07,0,0,0.05,0.05,0,0.26,0.12,0.14,0.29,0,0,0.07,0,0.05,0.48,0.43,0.12,0.4,0.1,0.17,0.43,0.69,0.1,0.05,0,0.12,0,0.17,0.05,0.17,0.05,0.12,2.0,0.43,0.1,0,0.14,0.12,0.14,0.33,0.38,0.17,0,0,0.45,0.57,0.86,0.83,0.07,0,0.91,0.26,0.17,0,0.12,2.07,0.1,0.05,1.62,0,1.52,0.36,0.45,0.05,0.07,0.24,0.64,2.17,0.1,0.76,0.19,0.19,0.05,0.29,0.64,0.12,0.55,0.12,0.31,0.31,0.1,0.24,1.26,0.17,0.21,0.52,0.62,0.19,0.31,0.24,0.17,0,0.1,0.19,1.72,0.43,0.1,0.17,0.07,0.14,0.14,0,0.1,0.1,9.29,0.12,0
H,0.48,0,0.18,0,0,0,0,0.15,0.07,0.22,0,0,0.11,4.24,0,0.33,0.11,6.34,0.18,0,0,0,0,0.07,0,0,0.07,0.07,0.11,0.33,0.33,0.74,0.15,0,0,0,0.11,0,0.11,0,0.11,0,0.15,0.07,0,0,0,0.26,0,0.26,0.07,0,0.07,0.48,0,0.18,0.07,0,0.11,0.48,0.44,0,0.07,0,0.15,0.07,0.41,0.11,0.22,0.18,0,0.07,1.25,0.15,0.11,0.11,0,0,0.15,0,0,0.07,0,0,0.07,0.41,0,0.66,0.11,0,0.11,0,0,0.18,0,0.59,0.11,0.11,0.44,0.18,0.07,0.18,0,0.07,0.07,0,0.15,0.29,0,0.18,0,0.15,0,0.11,0,0.33,0.22,0.26,0.37,0.15,0.11,0.63,0.26,0.07,0.11,0.11,0.22,0,0,0,0.18,0.15,0.15,1.25,0.26,0.26,0,0.15,0,0.11,0.29,0.18,0.15,0.11,0,0.55,0.07,0.48,0.74,0.07,0,0.59,0.37,0.07,0.11,0,2.69,0.26,0.07,1.4,0,1.51,0.74,0.59,0.07,0,0.22,0.85,2.69,0,0.44,0.15,0.29,0.07,0.07,0.52,0,0.37,0,0,0,0.07,0.11,1.55,0.11,0.07,0.11,0.59,0.37,0.44,0,0.41,0.11,0,0,2.51,1.14,0.15,0.07,0.07,0.11,0.18,0,0.18,0.07,9.06,0.07,0
H,0.44,0.05,0,0.15,0.15,0.1,0,0.1,0,0.49,0.1,0.05,0.05,3.89,0.1,0.29,0.24,6.56,0,0.05,0,0.1,0.53,0.05,0.1,0.15,0.1,0.05,0.1,0.15,0.63,0.58,0.24,0.05,0.05,0.15,0,0,0.1,0.05,0.1,0.05,0.1,0.05,0,0.1,0.19,0.44,0,0.1,0.1,0.05,0.05,0.68,0.05,0.24,0.1,0.1,0,0.19,0.44,0,0.15,0,0.19,0,0.34,0.1,0.1,0.05,0.05,0.1,1.7,0.24,0.05,0.05,0.05,0,0.05,0,0,0.05,0,0,0.15,0.53,0,0.53,0.29,0.1,0.34,0.15,0.1,0.24,0.05,0.15,0.1,0.05,0.83,0.19,0,0,0.19,0.15,0.24,0.15,0.05,0.29,0.05,0.24,0,0.24,0.05,0.19,0.05,0.44,1.31,0.1,0.1,0.05,0.1,0.78,0.78,0.24,0.1,0,0,0.1,0.05,0.53,0.39,0,0,0.87,0.49,0.1,0,0,0,0.05,0.63,0.15,0.05,0.05,0.1,0.39,0.19,0.92,0.78,0.15,0.24,0.53,0.05,0,0.29,0.1,2.62,0,0.05,1.02,0,0.92,0.63,0.49,0.05,0,0.53,0.87,2.04,0.1,0.1,0.34,0.15,0.05,0.1,0.19,0.05,0.15,0,0.15,0.24,0.05,0.29,1.26,0.19,0,0,0.39,0,0.15,0.29,0,0.15,0,0,2.23,0.05,0,0,0,0,0.24,0,0.29,0,7.67,0.24,0.05
H,0.4,0.05,0.1,0.05,0.05,0.1,0,0.05,0.1,0.25,0,0,0,3.56,0.15,0.3,0.1,7.77,0.4,0.1,0.05,0,0.25,0.05,0,0.25,0.15,0,0,0.1,1.0,0.65,0.15,0.1,0.1,0,0,0.1,0.05,0.05,0.1,0,0.1,0.1,0,0.15,0,0.15,0.05,0.1,0.1,0.1,0.25,0.7,0.05,0,0,0.05,0,0.15,0.5,0.1,0.05,0,0.2,0.05,0.35,0.15,0.35,0,0.15,0.05,1.3,0.3,0.05,0.05,0.05,0.05,0.15,0,0.1,0.1,0.25,0.05,0.05,0.65,0.05,0.45,0.25,0,0,0.15,0,0.2,0,0.05,0.1,0,0.55,0.05,0,0.1,0,0.25,0.25,0.1,0,0.6,0.15,0.25,0.1,0.25,0.05,0.05,0.1,0.35,0.4,0.3,0.15,0,0,0.75,0.7,0,0.1,0,0.05,0.05,0.1,0,0.3,0,0.15,1.25,0.3,0.15,0.05,0,0,0.1,0.7,0.05,0.05,0.05,0,0.6,0,0.75,0.95,0.15,0,0.35,0.05,0.55,0.05,0,2.26,0.2,0.05,0.8,0.1,1.2,0.65,0.6,0.2,0.1,0.5,1.2,1.86,0.1,0.2,0.35,0.25,0.05,0.05,0.1,0.05,0.85,0.05,0.1,0.15,0.05,0.25,1.25,0.1,0,0.2,0.25,0.15,0.2,0.25,0.05,0.1,0,0,2.36,0.4,0,0.1,0.1,0.15,0.25,0.3,0.1,0.25,8.53,0.05,0
J,0.24,0.12,0,0.12,0.18,0,0,0.06,0.12,0.3,0,0,0.18,3.17,0.3,0.12,0.12,4.96,0,0,0.12,0,0.24,0.18,0.06,0,0.42,0.24,0,0.12,1.32,0.6,0.06,0,0,0,0.06,0.06,0.3,0.12,0.06,0,0,0.06,0.06,0,0.12,1.32,0,0.18,0.24,0.06,0,0.36,0.06,0.24,0,0,0.12,0,0.78,0.12,0,0.06,0.24,0.18,0.06,0,0.18,0.12,0,0.06,0.9,0.3,0.36,0,0,0.06,0.12,0.18,0.06,0.06,0.12,0.06,0.18,0.6,0,0.48,0.24,0,0.36,0.06,0.12,0.06,0.06,0.24,0.06,0,0.6,0.06,0.12,0.06,0.12,0.24,0.36,0,0.24,0.6,0,0.12,0.06,0.24,0,0.06,0.42,0.24,0.3,0.48,0,0.18,0,0.48,1.26,0.06,0.06,0.12,0.48,0.06,0.48,0.12,0.3,0.06,0.06,2.63,0.48,0,0,0.12,0,0.18,0.78,0.3,0.12,0,0.06,0.36,0.12,0.84,0.96,0.12,0,0.12,0,0.42,0,0.12,4.96,0,0.18,0.96,0.06,2.27,0.06,0.12,0,0,0.6,1.02,2.03,0.24,0.06,0.18,0.24,0.06,0.18,0.06,0.06,0.54,0.24,0.36,0.06,0.12,0.24,0.66,0.18,0.42,0.06,0.24,0.48,0.06,0.24,0.24,0.06,0,0,1.73,0.24,0.36,0.24,0.18,0.12,0.3,0,0.12,0,6.4,0,0
J,0.28,0.35,0,0.14,0.07,0,0.07,0,0,0.07,0.55,0.07,0.14,3.87,0.28,0.41,0.48,4.28,0.14,0,0,0.07,0.55,0.21,0,0.07,0,0.14,0.07,0,0.35,0.9,0.07,0.07,0.14,0.14,0.21,0,0,0.07,0.21,0,0.21,0,0.07,0,0.14,0.55,0,0.97,0.14,0,0,0.55,0.21,0,0.07,0.07,0,0,0.76,0.14,0,0,0,0.21,0.55,0,0.14,0,0.35,0,2.14,0,0.28,0,0,0.07,0,0,0.07,0.07,0,0.21,0.21,1.24,0,0.41,0.35,0,0.21,0.07,0,0.21,0.14,0,0.07,0.07,2.21,0.21,0.07,0,0.07,0,0,0,0.21,0.55,0,0.35,0.48,0.28,0,0.14,0.41,1.04,0.14,0.21,0.07,0.07,0,0.14,0.76,0.07,0.07,0.07,0.07,0.07,0,0.48,0.9,0.21,0,1.38,0.48,0.14,0.21,0,0.07,0.21,0.69,0.55,0.21,0.21,0.07,0.35,0,0.41,1.66,0.21,0.48,1.66,0.21,0.07,0,0.14,4.14,0.14,0,0.48,0.28,1.45,0.21,0.76,0.07,0,0.07,0.48,1.73,0,0.35,0.48,0.21,0.14,0.28,0.14,0.07,1.04,0.07,0.14,0.21,0.21,0.48,0.76,0,0,0,0.41,0.21,0,0.35,0,0,0,0,0.9,0.21,0.28,0.48,0,0,0.28,0,0,0.07,6.42,0,0.28
J,0.24,0.12,0.06,0,0.06,0.06,0,0,0,0.55,0.24,0.06,0,3.12,0.24,0.24,0.24,4.4,0.06,0.12,0,0,0.73,0.12,0.06,0.12,0,0.06,0.18,0,1.04,0.86,0.06,0.24,0.12,0.06,0.12,0.06,0.24,0.12,0,0,0,0.06,0.06,0.06,0.24,0.49,0,0.43,0.12,0.06,0,0.67,0.06,1.1,0.12,0,0.31,0,0.73,0,0,0,0,0,0.37,0.12,0.06,0,0.24,0,1.53,0.61,0.12,0.06,0.06,0.12,0.06,0,0.06,0.06,0.06,0.18,0.06,0.86,0,0.67,0.12,0,0.06,0.12,0,0.37,0.18,0,0.06,0.37,1.47,0,0,0.24,0.12,0.18,0.61,0,0.12,0.79,0.06,0.55,0,0.06,0,0.06,0.31,0.49,1.04,0.24,0.18,0,0.06,0.12,1.16,0.12,0.12,0.18,0,0.18,0.06,0.49,0.79,0.18,0,1.04,0.61,0.12,0,0.18,0,0.12,0.73,0.55,0.12,0.18,0.12,0.06,0,0.06,1.22,0.49,0.55,0.92,0.49,0.06,0.37,0.06,5.5,0.12,0.06,0.61,0,1.71,0.18,0.06,0.06,0.06,0.12,0.55,1.47,0,0.31,0.79,0.37,0,0.12,0.06,0,0.98,0.24,0,0.12,0.12,0.67,0.61,0,0,0.37,0.61,0.18,0,0.06,0.06,0,0,0,0.98,0,0.06,0.24,0.06,0.12,0.31,0,0.12,0.06,5.26,0.24,0
J,0.3,0.15,0.15,0,0.22,0,0,0.07,0,0.3,0.07,0,0,3.34,0.3,0.67,0.15,3.93,0,0.45,0,0,0.82,0.22,0,0,0.07,0.15,0.22,0,0.82,0.59,0.22,0.07,0,0.15,0.15,0.07,0.45,0.07,0,0,0.15,0,0,0,0.07,0.22,0,0,0.15,0,0,0.22,0.07,0.52,0,0.15,0.15,0,0.52,0,0,0.07,0.07,0.22,0.15,0.22,0.07,0.07,0.07,0,2.3,0.37,0.07,0.15,0,0,0,0.07,0.07,0.07,0,0.22,0.15,0.74,0,0.37,0.15,0.52,0.07,0,0,0.37,0.67,0.22,0.07,0.07,0.74,0.07,0,0,0.07,0,0.52,0.07,0.07,0.74,0.3,0.22,0.07,0.3,0,0,0.37,0.82,2.75,0.52,0,0.15,0,0,0.82,0.22,0,0.22,0,0.15,0.22,0.15,0.82,0.37,0.15,1.71,0.3,0.07,0,0,0,0.15,0.82,0.67,0.15,0.15,0,0,0,0.45,0.22,0.45,0.82,0.45,0.07,0.45,0,0,5.35,0,0,0.52,0,1.56,0.3,0.07,0,0,0.3,0.07,2.08,0,0.22,0.22,0.45,0.74,0,0.15,0,0.15,0.07,0.37,0.07,0.15,0.3,0.74,0.07,0,0.07,0.15,0.22,0,0.37,0,0,0,0,0.67,0.07,0.22,0.07,0,0.07,0.22,0,0.07,0.15,4.9,0.07,0
J,0.35,0,0.13,0.09,0,0,0,0,0.09,0,0,0.09,0,3.8,0.43,0.65,0.22,4.28,0.13,0,0,0.09,0.52,0.22,0,0,0.22,0.09,0,0.13,1.38,0.86,0,0,0,0.09,0.22,0,0,0,0.09,0.09,0.13,0,0,0,0.17,0.26,0.39,0.3,0.13,0,0,1.08,0.09,0.39,0,0,0,0.26,0.6,0,0,0.3,0,0.17,0.13,0,0.26,0.09,0.13,0.17,2.46,0.22,0.56,0.09,0,0,0.09,0.09,0.17,0,0.09,0.13,0.22,1.3,0.17,0.6,0.09,0,0.13,0.09,0.09,0,0,0.26,0.09,0.13,0.6,0.09,0,0,0,0.13,0,0,0,0.17,0,0.56,0.09,0.6,0.09,0,0,0.52,0.3,0,0.26,0,0.13,0.17,0.91,0.26,0.13,0,0.17,0,0.09,0,0.17,0.22,0.17,1.99,0.52,0,0,0.13,0.09,0,0.6,0.09,0.09,0.13,0.09,0.22,0,0.48,1.68,0.22,0.09,1.08,0.35,0,0,0,4.45,0,0,0.73,0.09,1.3,0.26,0.17,0,0,0.22,0.82,2.29,0.35,0.35,0.35,0.3,0,0,0.17,0,0.09,0.22,0,0.52,0.09,0.17,0.6,0,0,0.09,0.52,0.78,0,0.48,0,0,0.43,0,1.38,0,0,0.35,0.09,0.09,0.52,0,0.17,0.13,7.52,0.35,0.3
M,0.13,0,0,0.23,0.2,0.2,0,0,0,0.3,0.2,0.2,0.1,3.33,0.07,0.13,0.2,5.23,0.13,0,0.07,0,0.27,0.27,0.43,0.1,0,0,0.07,0.1,0.37,0.47,0.07,0.13,0,0.07,0.07,0.2,0.13,0.2,0.1,0.07,0.23,0.07,0,0,0.07,0.17,0,0.1,0.1,0,0,0.9,0.1,0.27,0,0,0.17,0.07,0.6,0,0,0.17,0.2,0.1,0.1,0.1,0,0.47,0,0.1,2.03,0.3,0.13,0.13,0.07,0.07,0.1,0.1,0.07,0,0,0,0.07,1.3,0,0.6,0.17,0,0.07,0.07,0.4,0.17,0,0.33,0.1,0.17,0.73,0.23,0,0.1,0.1,0,0.3,0.13,0.5,0.27,0,0.27,0,0,0,0.07,0,0.4,0.2,0.27,0.2,0.1,0,0.3,0.7,0.17,0.27,0.4,0,0.1,0.07,0,0.4,0.47,0.13,1.03,0.37,0,0,0.13,0.1,0.07,0.37,0.43,0,0.07,0,0.13,0.4,0.37,0.67,0.07,0,1.0,0.13,0,0.07,0,4.03,0.27,0.07,1.36,0.1,1.56,0.47,0.1,0,0.07,0.27,0.53,2.1,0.07,0.13,0.2,0.27,0.4,0,0.17,0.17,0.43,0.07,0.4,0,0,0.73,1.3,0,0,0.07,0.53,0.3,0,0.5,0,0,0,0,2.6,0.1,0.2,0.1,0.1,0.13,0.13,0,0.17,0,8.69,0,0
M,0.28,0.09,0.05,0.14,0.05,0.05,0.09,0.09,0.09,0.37,0,0,0.14,3.36,0.19,0.61,0.14,5.78,0,0.05,0,0,0.19,0.14,0.14,0,0,0,0.05,0.05,0.79,0.61,0,0.23,0.05,0.09,0,0.09,0.05,0,0,0.09,0,0.05,0,0.05,0.14,0.28,0,0.09,0.33,0,0.05,0.33,0.19,0.56,0,0.09,0.09,0.09,0.93,0.05,0.05,0,0,0.05,0.09,0.19,0.28,0.19,0.05,0.05,2.1,0.37,0,0.05,0.09,0.14,0.09,0,0.05,0.05,0.14,0.09,0.05,0.84,0,0.79,0.37,0.14,0.09,0.05,0.14,0.19,0.09,0.09,0.19,0.23,0.51,0.05,0.19,0.23,0.09,0.14,0.09,0.09,0.09,0.09,0.05,0.09,0,0.09,0,0.05,0.19,0.51,0.23,0.51,0,0.14,0.09,0.42,0.89,0,0,0,0.09,0.05,0.14,0,0.37,0.05,0.09,1.54,0.19,0,0,0.09,0,0.14,0.33,0.23,0.05,0,0,0.37,0.09,0.61,1.12,0.09,0.09,1.21,0.42,0.14,0.05,0,2.8,0,0.05,1.16,0,1.44,0.42,0.56,0,0.05,0.33,0.79,1.86,0.05,0.14,0.28,0.09,0.05,0.09,0.47,0.09,0.42,0,0.14,0.14,0.05,0.33,1.86,0.14,0.05,0,0.75,0.05,0,0.42,0.05,0.05,0,0,1.72,0.09,0.05,0,0.09,0,0.28,0.14,0.09,0.05,9.41,0.05,0.05
M,0.37,0,0,0.22,0,0,0,0.15,0.15,0.26,0,0,0.15,3.13,0.37,0.15,0.15,5.85,0,0,0.11,0,0.37,0.15,0.07,0,0.22,0,0.15,0.15,0.52,0.7,0.07,0,0.11,0,0,0,0.18,0,0,0,0,0.11,0,0,0,0.22,0,0,0.15,0.15,0,0.66,0,0.22,0,0.07,0,0.18,0.44,0,0,0,0.11,0.18,0.18,0.18,0.11,0.18,0.07,0.07,1.73,0.29,0.18,0.07,0.26,0.11,0.15,0,0.22,0,0,0.07,0.07,1.1,0,0.7,0.22,0,0.07,0.22,0,0,0,0.77,0,0,0.48,0.11,0.15,0.15,0,0.11,0.18,0,0,0.22,0,0.15,0,0.37,0.07,0,0,0.74,0.26,0,0.07,0,0,0.88,0.85,0,0,0,0.48,0.11,0.07,0,0.26,0.18,0,1.73,0.44,0.15,0,0.07,0,0.11,0.63,0.18,0,0,0,0.37,0,0.63,1.07,0.15,0,0.37,0.07,0.11,0.07,0.07,3.72,0.18,0.07,1.1,0.15,1.36,0.37,0.11,0,0.11,0.07,0.96,2.28,0.07,0.11,0.07,0.52,0.29,0.07,0.18,0.11,0.4,0.11,0.15,0.11,0.11,0.44,1.62,0.07,0,0,0.66,0.11,0,0.37,0.11,0.11,0,0.22,2.06,0,0.22,0.22,0.15,0.22,0.29,0,0,0.07,8.46,0,0.15
M,0.24,0,0.12,0.21,0.06,0.09,0,0,0,0.18,0,0,0,3.52,0.06,0.09,0.15,5.71,0.18,0.18,0.15,0.18,0.51,0,0,0.06,0.09,0,0.06,0.09,0.66,0.96,0.06,0.06,0.06,0.09,0.09,0,0,0.06,0,0,0.09,0,0,0,0,0.18,0.15,0,0.3,0,0.12,0.57,0.12,0.09,0.06,0.06,0,0.36,0.63,0.15,0,0.18,0.09,0.09,0.24,0,0.3,0.12,0.09,0.18,1.53,0.27,0.18,0,0.06,0.06,0.12,0.06,0,0,0,0.06,0,1.11,0,0.45,0.12,0.21,0.12,0.18,0.06,0.39,0,0.12,0.09,0.06,0.51,0.18,0.12,0.09,0.15,0.18,0.21,0,0.21,0.39,0.3,0.36,0,0.3,0.06,0.09,0.06,0.63,0.45,0.09,0.09,0,0.12,0.45,0.75,0,0,0,0.12,0.12,0.36,0,0.3,0,0.06,1.68,0.6,0.09,0,0.06,0,0.06,0.66,0.33,0.09,0,0.15,0.36,0.21,0.72,0.87,0.18,0,0.36,0.27,0.3,0.09,0.33,2.83,0.54,0.12,1.71,0,1.47,0.54,0.36,0.18,0,0.18,0.63,1.86,0.15,0.27,0.18,0.27,0.06,0.06,0.51,0.15,0.57,0.06,0.15,0.33,0.09,0.12,0.78,0.06,0.36,0.09,0.27,0.42,0.12,0.27,0.15,0.15,0.09,0,2.77,0.15,0.06,0.06,0.06,0.15,0.21,0,0.12,0.18,8.15,0.21,0.06
M,0.5,0,0.11,0,0,0.15,0,0,0,0.77,0,0.11,0.08,3.48,0.23,0,0.27,6.01,0,0.08,0.11,0.08,0.23,0.11,0,0,0,0.19,0,0.23,0.38,0.84,0.15,0.08,0.23,0,0,0,0.23,0.11,0,0,0.15,0,0,0,0,0.96,0.23,1.03,0.11,0.19,0.5,0.77,0,0.08,0,0,0.08,0.54,0.54,0.8,0.08,0.11,0,0,0.46,0.08,0.15,0,0.15,0.23,1.99,0.27,0,0,0,0,0,0,0.11,0.11,0.08,0,0.11,1.26,0.15,0.96,0.15,0,0,0.11,0.11,0,0,0.19,0,0.11,0.54,0.19,0.08,0.08,0,0,0.11,0.11,0,0.5,0,0.15,0,0,0.08,0,0.11,0.88,0.31,0.27,0,0.31,0,0.31,0.61,0,0,0,0.23,0.11,0.08,0,0.23,0,0.31,1.07,0.54,0,0,0.11,0,0.23,0.46,0.31,0,0,0.11,0.34,0,0.8,1.26,0,0,0.57,0,0.23,0,0.46,2.45,0,0,2.18,0,1.68,0.23,0.92,0,0,0.27,0.11,2.79,0.23,0.15,0.19,0.23,0.11,0.19,0.27,0.11,1.22,0,0.23,0.08,0,0.38,1.03,0.15,0.08,0,0.23,0,0,0.34,0.15,0,0.15,0,2.03,0,0.15,0.15,0,0,0.31,0.11,0,0.23,11.48,0,0
M,0.36,0,0.2,0.2,0,0,0,0,0.07,0.13,0,0,0.07,3.96,0.17,0.23,0.26,5.74,0,0,0.4,0,0.3,0.07,0,0.17,0.07,0,0,0.26,0.92,0.63,0.1,0.07,0.23,0.13,0.17,0,0.07,0,0,0.07,0.1,0.07,0,0,0,0.43,0,0.23,0.23,0.26,0.13,0.43,0,0,0.13,0.17,0.17,0.4,0.76,0.07,0,0,0.1,0,0.2,0.07,0.36,0.07,0,0.13,1.78,0.1,0,0.1,0,0.07,0,0.1,0.07,0.13,0.07,0,0.07,1.82,0,0.43,0.17,0,0.2,0.2,0.1,0.17,0,0.13,0,0,0.33,0.07,0,0,0,0.56,0.23,0.07,0,0.3,0,0.43,0,0.4,0,0.07,0.1,0.53,0.2,0.2,0.13,0,0.13,0.66,1.16,0.1,0,0,0.86,0.07,0.4,0,0.13,0.07,0.07,2.08,0.23,0.17,0,0.1,0.17,0.13,0.5,0.17,0,0.07,0.1,0.33,0,0.59,1.09,0.07,0,0.23,0.1,0.63,0,0.5,3.3,0.1,0,0.96,0,1.16,0.4,1.02,0,0.07,0.23,0.86,2.24,0.13,0.07,0.26,0.73,0.07,0.2,0.3,0.1,0.83,0.1,0.1,0.2,0.1,0.1,1.02,0.07,0.53,0.2,0.23,0.3,0,0.2,0.13,0,0,0,1.75,0.07,0,0,0.13,0.1,0.43,0,0,0.1,9.7,0,0
M,0.48,0.17,0.06,0,0.06,0,0,0,0,0.42,0,0.06,0.06,3.34,0.17,0.17,0.11,5.73,0,0.08,0.2,0,0.28,0.11,0.06,0.14,0.14,0.14,0.2,0.39,0.42,0.51,0.06,0,0.08,0.37,0.11,0.2,0,0,0.17,0.11,0.17,0.06,0,0.08,0,0.25,0,0.06,0.06,0,0,0.42,0.06,0.17,0,0.11,0.11,0.51,0.98,0.08,0.06,0.11,0.08,0,0.08,0,0.14,0.2,0.06,0.06,2.08,0.2,0,0,0,0.11,0,0,0.14,0.06,0,0.06,0.11,0.9,0.08,0.76,0.22,0.39,0,0.2,0,0.39,0.22,0.42,0.08,0,0.59,0.17,0.17,0.11,0.22,0.2,0.2,0.06,0,0.22,0.08,0.17,0,0,0,0,0.28,0.62,0.25,0.28,0,0.06,0,0.56,0.37,0,0.08,0,0.08,0.14,0.08,0.17,0.34,0,0.22,1.18,0.39,0.25,0,0.06,0.08,0.51,0.45,0.37,0.06,0,0.06,0.51,0,0.79,0.93,0,0.2,0.7,0.25,0.17,0.11,0.28,2.47,0.08,0.06,1.07,0,1.46,0.56,0.34,0.11,0.17,0.14,0.73,1.77,0.06,0.17,0.37,0.42,0.08,0.2,0.25,0.08,0.37,0,0.25,0.79,0,0.28,1.01,0.2,0.14,0.11,0.65,0.22,0,0.11,0,0.08,0,0,2.28,0.14,0,0.06,0.08,0.08,0.25,0,0.11,0.08,9.44,0.06,0
M,0.32,0,0.07,0.11,0.07,0,0.22,0,0.07,0.32,0,0,0.25,3.34,0.25,0.22,0.36,6.6,0,0.18,0.11,0,0.29,0,0.11,0,0.25,0.07,0,0.25,0.22,0.79,0,0,0.22,0.11,0,0.11,0.25,0.11,0,0.25,0.07,0.14,0,0,0,0.11,0,0,0,0,0.25,0.32,0.07,0.07,0.07,0,0.11,0.14,0.79,0.18,0.11,0.14,0,0.11,0.75,0.11,0.11,0.39,0,0,1.72,0.14,0,0,0,0,0,0,0,0,0.18,0,0.07,1.11,0,0.79,0.18,0,0,0,0.25,0.22,0.47,0.14,0,0.07,0.54,0,0.11,0.22,0,0.14,0.29,0.39,0,0.25,0.22,0.29,0.11,0,0.14,0.07,0,0.36,0.54,0.14,0.11,0,0,0.68,0.43,0,0.11,0.11,0.07,0,0.11,0,0,0,0,1.15,0.39,0.07,0,0.07,0,0.25,0.57,0.14,0,0,0.14,0.47,0.25,0.65,0.79,0,0.25,0.22,0.11,0.14,0,0.22,3.45,0,0.11,1.4,0,1.04,0.57,1.11,0,0,0.11,0.72,2.23,0.11,0.39,0.14,0.22,0.11,0.18,0.29,0.22,0.25,0.07,0,0.75,0,0.57,0.97,0.22,0.11,0.32,0.61,0.14,0.07,0.11,0,0.11,0,0.39,1.79,0.07,0.07,0.14,0,0.22,0.29,0,0,0,9.4,0.07,0.22
M,0.38,0,0,0.15,0.06,0.15,0,0.06,0,0.44,0,0,0.06,3.25,0.17,0.15,0.15,6.48,0,0.15,0.2,0,0.29,0,0.06,0,0.06,0,0.12,0.26,0.35,0.76,0.06,0.15,0,0.12,0,0.06,0.15,0.09,0,0.09,0.12,0,0.32,0.17,0,0.09,0,0.06,0.06,0.12,0.52,0.44,0.06,0,0,0.09,0.2,0.49,0.81,0.32,0,0.12,0,0,0.76,0.15,0.23,0.23,0.09,0,2.27,0,0,0,0.2,0,0,0,0,0,0.15,0.09,0.09,1.37,0.17,0.96,0.2,0,0,0.2,0.06,0.44,0.12,0.23,0,0.09,0.61,0.06,0.23,0.09,0.06,0.09,0.2,0.06,0.06,0.38,0,0.35,0,0.35,0.06,0,0,0.17,0.35,0.17,0.06,0.12,0.06,0.41,0.29,0,0.06,0.09,0.09,0.09,0.23,0,0.23,0,0.17,1.45,0.35,0.09,0,0.2,0.23,0.23,0.49,0.29,0,0,0.17,0.32,0.12,0.64,1.13,0.12,0,0.55,0.26,0,0,0.09,2.29,0,0,0.99,0.09,1.66,0.35,1.31,0.06,0.12,0.2,0.61,1.6,0,0.23,0.17,0.06,0,0.26,0.41,0.09,0.64,0.09,0.23,0.17,0.09,0.58,0.99,0.09,0.15,0.2,0.73,0.15,0,0.09,0,0.12,0,0.06,2.7,0.06,0.06,0.15,0,0.32,0.17,0.15,0.06,0,10.34,0.06,0
M,0.69,0.07,0.1,0.14,0.07,0.1,0,0.07,0,0.21,0,0,0.21,2.79,0.14,0.14,0.21,5.88,0,0.41,0.07,0.1,0.21,0,0,0.14,0.07,0.07,0,0.45,0.52,0.55,0,0,0.21,0.52,0.14,0,0,0,0,0,0,0,0.17,0.07,0,0.21,0,0,0.17,0.07,0.34,0.45,0.28,0,0,0,0.07,0.65,0.69,0.34,0,0,0,0,0.76,0.07,0.28,0.17,0,0,1.86,0.07,0,0,0,0,0,0.07,0,0,0.14,0,0.21,0.96,0,0.96,0,0,0,0.1,0,0.21,0.1,0.21,0.17,0.07,1.27,0.28,0.1,0,0,0.34,0.38,0,0,0.17,0.14,0.24,0,0.14,0.1,0,0.07,0.31,1.0,0.21,0.14,0,0.1,0.65,0.31,0.14,0.07,0,0.14,0,0.14,0.14,0.31,0.07,0.07,0.96,0.28,0.28,0,0.21,0.1,0.41,0.62,0.28,0,0,0,0.24,0.1,0.86,0.96,0,0,0.34,0.24,0.07,0,0.79,3.03,0.07,0,0.96,0,0.65,0.34,1.0,0,0.14,0.14,1.14,2.27,0.17,0.52,0.28,0.41,0,0.28,0.62,0.1,0.38,0,0.34,0.72,0.07,0.31,1.03,0.14,0.31,0.52,0.21,0.07,0,0,0,0.07,0,0.17,1.48,0.14,0,0.1,0.14,0.21,0.21,0.07,0.14,0.07,10.84,0.1,0.31
M,0.38,0.28,0.19,0.28,0,0.19,0,0.09,0.05,0.28,0.05,0.09,0.33,3.11,0.05,0.38,0.33,6.73,0,0.09,0.05,0.05,0.52,0.09,0.05,0.05,0.38,0,0.14,0.24,0.05,0.47,0,0.61,0.19,0.09,0.09,0.05,0.19,0.05,0.14,0,0,0.09,0,0,0,0.85,0.05,0.05,0.05,0.05,0.24,0.33,0.05,0.19,0,0.09,0.05,0.19,0.56,0.8,0.05,0.05,0.09,0.14,0.85,0.09,0.24,0.14,0.05,0.05,2.45,0.28,0.05,0.14,0,0,0.05,0,0.14,0.05,0.28,0,0,0.52,0,0.47,0.19,0,0.05,0.05,0.05,0.24,0.09,0.28,0.05,0.09,0.38,0.09,0.05,0.05,0.14,0.19,0.14,0.14,0.19,0.19,0.09,0.09,0.05,0.14,0.05,0.05,0.14,0.38,0.52,0.47,0.14,0.05,0.19,0.28,0.33,0.28,0.14,0,0.14,0.19,0.19,0.14,0.66,0,0.14,1.41,0.19,0.05,0,0.24,0.14,0.14,0.71,0.42,0.05,0,0.05,0.19,0,0.24,1.08,0.09,0,1.51,0,0.28,0,0.52,2.96,0.05,0.09,1.08,0.38,0.89,0.33,1.04,0.09,0.14,0.19,0.8,1.88,0.09,0.19,0.33,0.19,0.14,0.09,0.28,0.42,0.99,0,0.09,0.42,0.09,0.33,0.8,0.05,0.14,0,0.42,0.05,0,0.24,0.14,0,0.05,0,0.94,0.14,0.09,0.05,0.09,0.09,0.05,0,0.05,0.24,13.08,0,0
M,0.19,0,0.08,0.15,0,0.08,0,0.08,0.08,0.23,0,0.15,0.11,3.28,0.23,0.23,0.08,6.18,0,0,0,0,0.19,0,0.11,0.15,0.15,0.08,0,0.23,0.53,0.76,0,1.03,0.08,0.08,0.11,0.23,0.11,0.08,0,0.11,0,0,0,0.11,0.08,1.07,0,0.23,0,0,0.08,0.5,0,0,0,0.08,0.19,0,0.42,0.99,0.08,0.19,0,0,1.18,0,0.08,0.08,0.08,0.08,2.75,0.08,0.15,0,0,0,0.08,0,0.11,0,0.42,0,0.08,0.8,0,1.22,0.19,0,0.11,0.27,0.11,0.15,0,0.34,0.08,0.11,0.53,0.11,0,0.08,0.08,0.11,0.15,0,0.19,0.34,0,0.23,0,0.34,0,0.11,0,0.38,1.11,0.11,0,0,0,0.19,1.11,0.11,0.23,0.08,0,0.27,0.46,0,0.42,0.15,0.11,1.49,0.5,0.23,0,0.27,0,0.11,0.69,0.42,0.08,0,0.31,0.15,0.11,0.34,0.8,0.11,0,1.53,0.27,0.11,0,0.11,2.79,0,0.08,0.27,0,1.22,0.34,0.61,0,0,0.23,0.57,1.76,0.15,0.23,0.19,0.5,0.23,0.11,0.15,0.15,0.84,0,0.19,0.11,0,0.34,0.88,0.08,0.08,0,0.5,0.23,0,0.27,0.08,0,0,0,1.6,0.15,0,0.15,0,0,0.08,0,0.08,0.11,11.56,0,0
M,0.44,0.22,0.07,0,0,0.11,0,0,0.11,0.36,0,0,0,2.37,0.07,0,0.15,6.81,0.36,0,0.18,2.19,0.22,0,0,0,0.11,0,0.07,0.15,0.29,0.44,0.15,0,0.26,0,0.07,0,0.22,0,0,0.11,0.18,0,0,0,0,0,0.15,0,0.15,0.15,0.22,0.95,0,0,0,0.18,0.11,0.84,0.26,0.07,0.33,0.15,0.29,0,0.26,0,0.15,0,0.15,0.15,1.28,0.26,0,0,0.07,0.11,0.07,0,0,0.07,0.62,0,0,1.53,0.47,0.73,0.15,0.11,0,0,0,0,0,0,0,0.15,0.66,0,0.11,0.07,0.07,0.11,0,0,0,0.62,0.15,0.07,0,0.07,1.64,0,0,0.44,0.15,0,0.11,0.18,0.07,0.51,0,0,0.07,0,0,0,0.15,0,0.33,0,0.18,1.31,0.18,0.07,0.07,0.11,0.18,0.07,0.73,0.18,0,0,0.15,0.62,0,0.87,0.73,0.07,0,0.15,0.33,0.26,0,0.66,3.13,0.4,0.07,1.57,0,0.8,0.36,0.07,0.07,0,0.26,0.51,2.26,0.15,0.18,0.18,0.22,0.11,0.07,0.55,0.15,0.33,0.11,0.51,0.58,0.33,0.44,0.8,0.22,0,0.26,0.29,0.22,0,0.07,0,0,0.11,0.07,1.28,0.22,0.07,0,0,0,0.15,0.07,0.11,0,11.91,0,0
M,0.64,0,0,0.16,0.32,0.21,0,0.11,0.11,0.48,0,0.05,0.05,2.89,0.05,0.21,0.11,5.36,0,0.16,0.43,1.02,0.32,0,0.21,0.05,0.11,0,0,0.16,0.59,0.7,0.11,0.05,0.27,0.16,0.16,0,0.21,0.05,0.16,0.27,0.11,0,0,0,0,0.37,0,0,0.37,0.05,0.16,0.32,0,0.16,0.11,0,0.11,0.54,0.86,0,0,0.16,0.11,0.05,0.27,0.05,0.05,0.11,0.21,0.16,1.66,0.11,0,0.05,0.21,0.16,0.11,0.11,0.05,0.05,0.16,0.21,0.11,1.5,0.16,0.86,0.21,0,0,0.05,0,0.32,0,0.05,0.05,0.05,0.59,0.11,0.05,0.11,0.16,0.54,0.16,0.11,0.11,0.43,0,0,0.11,0.32,1.07,0.05,0,0.64,0.16,0.05,0.11,0.05,0,0.64,0.75,0.11,0,0,0.05,0.11,0.27,0.11,0.43,0,0.05,1.45,0.37,0.16,0,0.11,0.05,0,0.43,0.21,0,0.11,0.05,0.32,0.05,0.75,0.96,0.16,0,0.59,0.21,0.21,0,0.75,2.73,0.16,0,1.55,0.21,1.29,0.64,0.11,0.11,0,0.21,0.54,2.41,0.16,0.05,0.11,0.54,0,0,0.32,0.05,0.7,0,0.37,0.43,0.05,0.64,1.5,0.11,0.05,0.16,0.32,0.27,0,0.21,0,0.05,0,0,1.87,0.43,0.05,0.05,0,0.16,0.27,0,0.16,0.05,9.05,0,0.05
