words,FED_18_C.txt,FED_19_C.txt,FED_20_C.txt,FED_49_D.txt,FED_50_D.txt,FED_51_D.txt,FED_52_D.txt,FED_53_D.txt,FED_54_D.txt,FED_55_D.txt,FED_56_D.txt,FED_57_D.txt,FED_58_D.txt,FED_62_D.txt,FED_63_D.txt,FED_11_H.txt,FED_12_H.txt,FED_13_H.txt,FED_15_H.txt,FED_16_H.txt,FED_17_H.txt,FED_1_H.txt,FED_21_H.txt,FED_22_H.txt,FED_23_H.txt,FED_24_H.txt,FED_25_H.txt,FED_26_H.txt,FED_27_H.txt,FED_28_H.txt,FED_29_H.txt,FED_30_H.txt,FED_31_H.txt,FED_32_H.txt,FED_33_H.txt,FED_34_H.txt,FED_35_H.txt,FED_36_H.txt,FED_59_H.txt,FED_60_H.txt,FED_61_H.txt,FED_65_H.txt,FED_66_H.txt,FED_67_H.txt,FED_68_H.txt,FED_69_H.txt,FED_6_H.txt,FED_70_H.txt,FED_71_H.txt,FED_72_H.txt,FED_73_H.txt,FED_74_H.txt,FED_75_H.txt,FED_76_H.txt,FED_77_H.txt,FED_78_H.txt,FED_79_H.txt,FED_7_H.txt,FED_80_H.txt,FED_81_H.txt,FED_82_H.txt,FED_83_H.txt,FED_84_H.txt,FED_85_H.txt,FED_8_H.txt,FED_9_H.txt,FED_2_J.txt,FED_3_J.txt,FED_4_J.txt,FED_5_J.txt,FED_64_J.txt,FED_10_M.txt,FED_14_M.txt,FED_37_M.txt,FED_38_M.txt,FED_39_M.txt,FED_40_M.txt,FED_41_M.txt,FED_42_M.txt,FED_43_M.txt,FED_44_M.txt,FED_45_M.txt,FED_46_M.txt,FED_47_M.txt,FED_48_M.txt
all,0.38,0.24,0.46,0.36,0.45,0.62,0.16,0.41,0.5,0.2,0.57,0.32,0.67,0.46,0.33,0.52,0.28,0.31,0.68,0.44,0.76,0.56,0.15,0.34,0.55,0.4,0.35,0.34,0.27,0.93,0.18,0.25,0.52,0.4,0.47,0.27,0.31,0.4,0.16,0.44,0.13,0.2,0.35,0.24,0.6,0.6,0.25,0.22,0.11,0.2,0.34,0.1,0.36,0.22,0.51,0.23,0.19,0.52,0.77,0.33,0.45,0.48,0.33,0.48,0.44,0.4,0.24,0.28,0.24,0.3,0.35,0.13,0.28,0.37,0.24,0.5,0.36,0.48,0.32,0.38,0.69,0.38,0.19,0.44,0.64
peace,0.09,0.24,0.2,0,0,0,0,0,0,0,0,0,0,0,0,0,0,0,0.1,0,0.06,0,0.05,0.08,0.06,0.45,0.4,0.42,0,0.19,0,0.05,0.06,0,0,0.23,0,0,0,0,0,0,0,0,0,0,0.1,0.06,0,0.05,0,0,0,0,0,0,0,0.17,0.2,0.05,0,0,0,0,0.05,0.05,0.12,0.35,0.12,0.15,0,0,0.09,0,0,0,0,0.17,0,0,0.07,0.28,0,0.22,0
proposed,0,0,0,0.06,0,0,0,0.05,0.1,0.1,0.06,0,0.05,0.13,0,0,0,0.31,0.06,0.05,0,0.12,0.1,0,0.17,0.05,0,0,0.21,0.12,0.09,0,0.17,0.07,0.18,0.09,0,0,0,0,0.2,0.1,0.09,0.12,0,0.07,0,0,0.11,0,0.13,0,0,0.13,0.1,0.07,0,0.09,0.08,0.13,0.19,0.07,0.26,0.18,0,0.1,0,0,0.06,0.15,0.13,0,0.05,0,0.12,0.11,0.2,0.06,0.07,0,0.1,0.19,0.08,0.07,0
less,0.14,0,0.07,0.18,0,0.31,0.22,0.28,0.15,0.24,0.06,0.23,0,0.25,0.16,0.12,0.05,0.52,0.06,0.05,0.19,0.06,0.05,0.11,0,0.05,0.2,0,0.34,0,0,0.1,0.12,0,0,0,0.13,0.11,0.1,0.27,0.46,0.05,0.09,0.24,0.26,0.13,0.1,0,0.17,0.15,0.17,0.1,0.05,0.09,0.1,0.13,0.29,0.09,0.12,0.08,0.06,0.07,0.12,0,0.15,0.05,0.12,0.14,0,0,0.09,0.23,0.14,0.22,0.21,0,0.2,0,0.11,0.15,0.14,0.28,0.15,0,0.16
being,0.19,0.05,0.13,0.06,0,0.16,0.27,0.05,0.3,0,0,0,0.05,0.08,0.1,0.12,0.09,0.21,0.06,0.05,0.06,0.06,0.05,0,0.06,0.05,0.1,0.13,0,0.06,0.18,0,0,0.07,0,0,0.18,0,0,0,0.07,0,0.09,0,0,0,0.05,0.1,0.06,0.05,0.13,0.2,0.05,0,0.1,0.1,0.1,0.09,0,0.08,0.13,0.09,0,0,0.15,0.05,0.18,0.07,0.06,0.22,0,0.2,0.05,0,0.06,0,0,0.06,0.07,0.06,0.07,0,0,0,0.32
over,0.14,0.1,0.2,0,0.09,0.1,0.16,0,0.15,0.1,0,0,0.24,0.08,0.13,0,0,0,0.06,0.05,0.38,0,0,0,0.06,0,0,0,0,0.12,0.22,0,0.12,0.07,0.06,0.05,0,0.07,0.16,0.13,0.07,0.1,0,0,0.07,0,0.1,0,0.11,0.05,0.17,0,0,0.09,0.15,0,0.19,0,0,0,0,0,0,0,0.1,0.1,0,0,0.06,0,0,0.2,0.05,0,0.09,0.15,0,0,0,0.15,0.1,0.19,0.08,0.11,0.21
jurisdiction,0.09,0.1,0,0,0,0,0,0,0,0,0,0,0,0,0,0,0,0,0,0,0.06,0,0.05,0.08,0.06,0,0,0,0.07,0.06,0,0.05,0,0.2,0.18,0.09,0.09,0,0,0,0,0.05,0,0,0,0,0,0,0,0,0,0,0,0,0,0,0,0,0.41,0.54,0.97,0.26,0,0,0,0,0,0.07,0,0,0,0,0.09,0,0,0,0,0,0.22,0,0,0,0,0,0
course,0,0,0,0,0,0,0,0.14,0,0.05,0.06,0,0,0,0,0.12,0,0,0,0.1,0,0.12,0.1,0,0.11,0,0.1,0,0.07,0.06,0.13,0.1,0.06,0,0,0.09,0.09,0.07,0,0,0,0.15,0.09,0.12,0,0.07,0.1,0,0.06,0.1,0,0.1,0.05,0.09,0.1,0,0.1,0,0.08,0.15,0.19,0.15,0.05,0.15,0.1,0.05,0.06,0,0,0.07,0,0,0.09,0.15,0,0,0,0,0,0.06,0.07,0.09,0.08,0,0.11
still,0,0.05,0,0.12,0,0.05,0.11,0,0.05,0.15,0,0.09,0.05,0.13,0,0.08,0,0.1,0.23,0,0.06,0,0.1,0,0.06,0.05,0.1,0.08,0.07,0,0,0.05,0,0,0,0.09,0,0,0,0.09,0.07,0.1,0,0.06,0,0,0.1,0,0.06,0.05,0,0,0.1,0,0,0,0.1,0.17,0.08,0.08,0,0.07,0,0.07,0,0.1,0.12,0,0,0,0.09,0,0.09,0.15,0,0,0.07,0,0.07,0,0,0.05,0.08,0.11,0.11
its,0.43,0.63,0.13,0.48,0.27,0.21,0.32,0.09,0.1,0,0.32,0.14,0.33,0.13,0.56,0.24,0.37,0.21,0.26,0.83,0.38,0.62,0.6,0.51,0.66,0.2,0.45,0.17,1.1,0.56,0.27,1.22,0.46,0.2,0.77,0.5,0.13,0.62,0.78,0.49,0.2,0.2,0.18,0.18,0.2,0.23,0,0.26,0.17,0.34,0.38,0.3,0.36,0.26,0.3,0.42,0.19,0.09,0.41,0.26,0.26,0.36,0.17,0.22,0.49,0.25,0.3,0.07,0.55,0.3,0,0.3,0.37,0.26,0.18,0.77,0.13,0.42,0.32,0.44,0.21,0.28,0.23,0.36,0.48
causes,0,0.05,0.07,0,0,0,0,0.05,0,0,0,0.05,0.05,0,0.07,0,0,0.1,0,0.05,0.06,0.06,0.05,0,0,0,0,0,0.07,0,0,0,0,0,0,0.05,0,0,0,0,0,0,0,0,0,0,0.1,0,0,0.05,0,0.1,0,0,0,0,0,0.17,0.33,0.38,0.58,0.39,0,0,0.1,0,0,0.55,0.24,0.07,0,0.2,0,0,0,0,0,0,0,0,0,0.05,0,0,0
proportion,0,0,0,0.12,0.09,0.05,0,0.14,0.2,0.24,0.06,0.09,0.05,0,0.07,0,0.09,0,0,0.1,0.13,0,0.15,0.08,0,0.05,0,0,0.07,0.06,0,0.05,0,0,0,0.14,0.22,0,0,0,0,0,0,0,0,0,0,0,0.11,0,0.13,0.2,0.21,0,0,0,0,0.13,0,0,0,0,0,0,0.05,0,0,0.07,0.06,0,0.09,0.2,0,0,0,0.11,0,0.06,0,0,0,0.09,0.15,0,0.05
former,0.09,0,0,0.06,0,0.21,0.16,0,0.05,0,0,0,0.19,0.17,0.26,0,0,0,0,0,0,0.12,0,0,0,0,0,0,0.07,0,0.09,0.05,0.12,0.07,0,0.09,0,0,0.05,0,0.07,0.1,0.13,0.06,0.07,0,0.1,0.06,0.06,0,0.08,0,0.15,0,0.1,0.1,0.19,0,0.08,0.1,0.19,0.07,0.07,0.11,0.05,0,0.18,0.14,0,0,0,0.1,0.14,0.15,0,0.08,0.07,0.06,0.25,0.06,0.21,0.33,0.11,0,0.05
to,2.56,2.88,2.76,3.51,2.52,2.6,3.89,3.36,3.04,3.82,2.48,3.34,2.91,3.35,2.89,3.32,3.79,4.45,3.79,4.36,3.69,4.46,2.75,4.07,5.37,4.53,4.52,3.98,4.32,4.11,5.0,3.85,4.72,3.15,3.96,4.82,4.47,4.37,3.8,3.86,4.0,4.2,3.7,5.07,5.03,3.4,2.84,3.85,4.46,4.84,3.5,3.58,4.67,4.16,3.64,4.17,4.04,3.55,4.63,4.16,5.35,3.75,3.33,4.24,3.89,3.56,3.17,3.87,3.12,3.34,3.8,3.33,3.36,3.13,3.52,3.48,3.96,3.34,3.34,3.25,2.79,3.11,3.28,2.37,2.89
only,0.14,0.05,0.13,0.24,0,0.16,0.32,0.18,0.15,0.05,0.32,0.14,0.24,0.08,0.36,0.2,0,0,0.26,0.15,0,0,0.1,0,0,0.2,0.1,0.21,0.27,0.12,0.18,0.05,0.17,0.27,0.3,0.14,0.09,0.07,0.1,0,0.26,0.05,0.13,0.3,0.13,0.23,0.05,0.13,0.11,0.05,0.13,0.1,0.21,0.13,0.2,0.23,0.29,0,0.08,0.15,0.32,0.15,0.21,0,0.1,0.15,0.3,0.28,0.24,0.3,0.43,0.07,0.19,0.37,0.06,0.23,0.17,0.17,0.25,0.17,0.14,0.05,0.23,0.07,0.05
those,0.24,0,0.07,0.06,0.09,0.16,0.22,0.23,0.3,0,0.25,0.23,0.19,0.21,0.16,0.28,0.14,0,0.32,0.49,0.57,0.56,0.45,0.37,0.22,0.1,0.3,0.21,0.27,0.25,0.18,0.25,0.52,0.07,0.35,0.45,0.4,0.33,0.26,0.36,0.26,0.3,0.26,0.24,0.26,0.17,0.34,0.29,0.17,0.05,0.25,0.3,0.21,0.3,0.05,0.33,0,0.35,0.61,0.31,0.39,0.22,0.21,0.33,0.29,0.3,0.12,0.41,0.24,0.67,0.65,0.13,0.61,0.15,0.09,0,0.23,0.17,0.22,0.15,0.14,0.38,0.23,0,0.21
under,0.24,0.15,0.2,0.12,0.27,0.21,0.54,0.05,0.2,0.24,0.06,0.09,0.19,0.08,0.1,0.12,0.09,0.21,0.13,0.1,0.13,0.19,0.05,0.11,0.22,0.1,0.25,0.08,0,0.19,0.18,0,0,0.13,0.18,0.09,0.13,0.26,0.16,0.09,0.2,0.05,0.09,0.06,0.2,0.1,0,0.13,0.11,0.1,0.13,0,0.26,0.3,0.05,0.1,0.1,0.22,0.45,0.13,0.13,0.17,0.4,0.11,0.24,0.1,0.12,0.48,0.24,0.15,0.22,0.2,0.14,0.15,0.15,0.27,0.26,0.11,0.36,0.15,0.21,0.33,0.08,0.15,0.11
of,6.39,6.09,5.32,6.11,5.4,5.88,5.46,5.9,5.84,5.97,7.12,6.82,5.59,6.06,5.78,7.19,6.52,6.0,6.35,7.0,7.0,6.56,7.55,6.8,5.54,5.97,6.33,6.2,6.38,6.04,6.88,5.73,6.04,6.1,5.31,6.17,5.76,6.49,5.89,6.44,6.56,6.47,7.41,6.64,5.83,7.81,7.55,5.91,5.72,5.87,6.03,8.26,7.65,5.98,7.28,6.13,5.29,6.85,6.87,6.33,6.06,5.67,6.98,6.34,6.56,7.77,4.96,4.28,4.4,3.93,4.28,5.23,5.78,5.85,5.71,6.01,5.74,5.73,6.6,6.48,5.88,6.73,6.18,6.81,5.36
he,0.14,0.29,0.53,0.18,0,0,0.05,0.14,0.1,0,0,0.14,0,0.08,0,0,0.05,0,0,0,0.06,0,0,0.06,0,0.9,0,0.08,0,0,0,0.1,0,0,0,0,0.09,0,0.1,0,0,0.05,0,0.3,0.13,0.37,0.2,0.13,0.8,1.27,0.42,0.1,0.1,0.39,0.3,0.07,0.1,0,0,0,0,0,0.05,0.18,0,0.4,0,0.14,0.06,0,0.13,0.13,0,0,0.18,0,0,0,0,0,0,0,0,0.36,0
might,0.05,0.05,0,0.36,0.27,0.21,0.16,0.14,0.2,0.05,0.25,0.05,0.38,0.13,0.16,0.28,0.09,0,0,0.1,0.19,0.12,0.1,0.28,0,0.05,0.4,0,0.14,0.19,0,0.25,0.29,0.6,0.24,0.18,0.18,0.18,0.31,0.27,0.26,0.44,0.44,0.18,0.53,0.07,0.05,0.1,0.46,0.54,0.42,0.8,0.26,0.48,0.3,0.07,0.19,0.17,0,0.18,0.06,0.19,0.05,0,0.05,0.1,0,0,0.12,0.45,0,0,0.05,0,0.18,0.08,0,0.08,0.18,0.15,0.41,0.09,0,0,0.16
ought,0,0,0.07,0.36,0.09,0.05,0.27,0.28,0.4,0.24,0.19,0.05,0.1,0.38,0.23,0,0,0,0.1,0.05,0.06,0,0,0.2,0.78,0.25,0.2,0.21,0,0,0.18,0.2,0.46,0,0,0.45,0,0.22,0.31,0,0.2,0.3,0,0,0,0.07,0,0.1,0.06,0.15,0.08,0.3,0.26,0.17,0,0.23,0.1,0,0.49,0.18,0.13,0.1,0.21,0,0,0.05,0.12,0,0,0,0,0.07,0,0.11,0.15,0.11,0.4,0.2,0.11,0.2,0.07,0.05,0,0.18,0.43
executive,0,0.05,0.07,0.24,0.36,0.21,0,0,0,0,0.13,0.09,0,0,0.07,0,0,0,0,0,0,0,0,0,0,0.1,0.05,0.17,0.07,0,0,0,0,0,0,0.05,0,0,0,0,0,0.15,0.44,0.12,0.2,0.13,0,0.93,0.57,0.2,0.84,0.2,0.41,0.13,0.56,0.16,0,0,0,0,0,0,0,0,0.1,0,0,0.07,0,0,0.09,0,0,0,0.18,0.08,0,0,0,0,0.1,0.05,0,2.19,1.02
them,0.09,0.34,0.33,0.42,0.72,0.16,0.22,0.32,0.5,0.2,0.64,0.27,0.24,0.21,0.16,0.24,0.28,0.1,0.13,0.29,0.51,0.12,0.15,0.08,0.33,0.3,0.4,0.08,0.14,0.31,0.54,0.1,0.46,0.54,0.06,0.18,0.4,0.36,0.36,0.44,0.13,0.25,0.44,0,0.26,0.23,0.15,0.19,0.17,0.24,0.21,0.1,0.26,0.17,0.25,0.36,0.1,0.52,0.24,0.41,0.26,0.36,0.12,0,0.53,0.25,0.24,0.55,0.73,0.82,0.52,0.27,0.19,0.37,0.51,0.23,0.3,0.28,0.29,0.29,0.21,0.52,0.19,0.22,0.32
good,0,0,0,0,0,0.05,0.05,0,0,0,0,0.05,0.05,0.08,0,0,0,0.1,0.06,0,0,0.37,0,0.08,0.06,0,0,0,0.14,0,0,0.1,0.06,0,0.06,0.05,0,0,0.16,0,0,0,0,0,0.2,0,0,0.16,0.17,0.15,0.21,0.2,0.05,0.09,0.2,0.13,0.29,0,0,0.05,0,0.05,0,0.07,0.05,0.05,0.18,0.21,0.12,0.22,0.22,0.27,0.14,0.15,0,0.11,0.07,0.11,0,0,0,0.09,0,0,0
greater,0,0,0,0,0,0,0.11,0.14,0,0.05,0.06,0,0.19,0,0,0.16,0.05,0.21,0.06,0,0.06,0,0.05,0.17,0,0,0,0,0.27,0.06,0,0,0.12,0,0.06,0.05,0,0.11,0.21,0.09,0,0,0,0.12,0,0.07,0,0.06,0.11,0.24,0.17,0,0.26,0,0.05,0.1,0,0,0,0.05,0.06,0,0.1,0,0.1,0,0.06,0,0.06,0,0,0.43,0.14,0.07,0,0,0,0.06,0.11,0.06,0,0.05,0.11,0,0.21
means,0.05,0,0.07,0.06,0.09,0.1,0.11,0.23,0.05,0.2,0,0.14,0.05,0,0.1,0.08,0.14,0,0,0.15,0,0,0.05,0,0.17,0,0.15,0,0,0.19,0,0.15,0.29,0,0.18,0.09,0,0,0.05,0,0,0.05,0,0,0.07,0,0.05,0,0.11,0,0,0,0,0,0,0,0,0,0,0,0,0,0.05,0,0.15,0.25,0,0.07,0.12,0,0,0.1,0,0,0.06,0,0.17,0.14,0,0,0.14,0.05,0.15,0,0.05
very,0.14,0.05,0.13,0.12,0.27,0.21,0.32,0.41,0.3,0.34,0.64,0.32,0.1,0,0.1,0,0.09,0.1,0,0.1,0,0,0,0,0.06,0,0.05,0.13,0.14,0,0.13,0.1,0,0.07,0.18,0.09,0,0,0.05,0,0,0,0.09,0,0,0,0.05,0,0.34,0.1,0.21,0,0.21,0,0.05,0.07,0.1,0,0,0.08,0,0,0.07,0.07,0.1,0.15,0.42,0,0,0.07,0.22,0,0,0.22,0.09,0,0.07,0.14,0.25,0.06,0.07,0.38,0.15,0.11,0.11
nation,0,0.05,0,0.18,0,0,0,0.05,0,0.05,0.19,0.05,0,0.17,0,0.16,0.09,0,0,0.05,0.13,0,0,0.17,0.06,0.1,0.05,0.08,0,0,0.09,0.05,0.06,0,0,0.05,0,0,0.05,0,0,0.1,0.09,0,0,0.13,0.1,0,0,0.2,0,0,0.1,0,0,0,0,0,0,0.05,0,0,0.05,0.07,0.05,0,0.24,0.14,0.06,0.15,0.09,0,0,0,0,0.19,0,0.14,0.07,0,0.07,0,0.08,0,0
cannot,0,0,0.07,0,0.09,0.05,0.16,0.05,0,0.2,0.13,0.18,0.14,0.08,0.13,0,0.18,0,0.06,0,0.13,0.06,0.15,0,0.17,0,0.05,0,0.14,0.12,0,0.05,0.23,0.07,0.06,0.14,0,0.15,0.05,0.09,0.07,0,0.09,0.12,0.07,0.07,0,0,0.06,0,0,0,0.05,0.13,0.2,0.07,0,0,0.08,0.1,0.06,0.12,0.1,0.11,0.1,0,0,0.07,0.18,0.22,0,0.07,0.05,0.15,0.06,0,0,0.2,0,0.12,0,0.14,0,0.07,0
every,0,0.1,0.07,0.3,0.18,0.16,0.27,0.18,0.05,0.59,0.44,0.59,0.38,0.46,0.2,0.12,0.18,0.31,0.26,0.05,0.06,0.19,0.15,0.22,0.22,0.05,0.05,0.17,0,0,0,0.41,0.29,0.13,0.24,0.09,0.22,0.11,0.42,0.09,0.07,0.15,0.13,0,0.13,0.17,0.05,0.1,0.17,0.15,0.17,0.2,0.05,0.26,0.05,0.23,0.19,0,0.08,0.26,0.26,0.21,0.14,0.33,0.15,0.1,0.12,0,0,0,0.13,0.1,0.05,0.15,0.09,0.23,0.26,0.39,0.25,0.26,0.45,0.24,0.23,0.15,0.16
they,0.57,0.44,0.46,0.3,0.63,0.1,0.27,0.55,0.55,0.78,0.25,0.68,0.48,0.33,0.2,0.4,0.37,0.31,0.49,0.73,0.45,0.37,0.35,0.42,0.22,0.25,0.45,0.5,0.34,0.5,0.31,0.51,0.58,0.27,0.53,0.32,0.93,0.26,0.42,0.58,0.72,0.3,0.75,0.24,0.53,0,0.59,0.96,0.97,0.49,0.59,0.2,0.15,0.39,0.25,0.65,0.38,0.3,0.33,0.28,0.65,0.5,0.52,0.33,0.63,1.0,1.32,0.35,1.04,0.82,1.38,0.37,0.79,0.52,0.66,0.38,0.92,0.42,0.22,0.35,0.52,0.05,0.53,0.29,0.59
not,0.28,0.19,0.26,0.79,0.9,0.47,0.59,0.88,0.9,0.69,0.7,0.68,0.67,0.71,0.85,0.8,0.28,0.52,0.52,0.98,0.25,0.87,0.4,0.7,0.61,0.65,0.4,0.96,0.14,0.5,0.4,0.35,0.69,1.01,0.77,0.68,0.84,0.51,0.68,0.58,0.52,0.89,0.97,0.78,0.73,0.37,0.78,0.48,0.4,0.64,0.55,0.4,0.62,0.61,0.3,0.59,0.77,0.61,0.61,0.66,0.84,0.62,0.71,0.74,0.58,0.65,0.6,0.9,0.86,0.59,0.86,0.47,0.61,0.7,0.96,0.84,0.63,0.51,0.79,0.76,0.55,0.47,0.76,0.44,0.7
nor,0,0.19,0,0.06,0.09,0.1,0,0,0.1,0.15,0,0.09,0.05,0,0.1,0,0.05,0.1,0.13,0.1,0,0,0.1,0.06,0.06,0.05,0.05,0,0,0,0,0,0,0,0.3,0,0,0,0.16,0,0,0,0,0.06,0.07,0.07,0,0,0,0.1,0.3,0,0.15,0,0.15,0.07,0.1,0.13,0,0.1,0.06,0,0.05,0.15,0.24,0.15,0.06,0.07,0.06,0.22,0,0.07,0,0.07,0.06,0.15,0.1,0.06,0,0.06,0,0,0,0.15,0.11
governments,0,0,0.13,0.18,0,0.16,0.11,0,0,0,0,0.09,0.05,0.29,0.2,0,0.05,0.1,0,0.15,0.51,0,0.1,0,0.17,0,0.1,0,0.14,0.31,0,0.15,0.4,0.2,0.18,0.18,0,0.11,0.21,0,0.13,0.05,0.09,0,0,0,0,0,0.06,0,0,0,0.05,0,0,0,0,0,0,0.1,0.13,0,0,0,0.05,0.1,0,0.07,0.24,0.07,0,0.13,0.23,0,0.06,0.08,0.07,0,0,0.15,0,0.61,1.03,0,0.05
several,0.09,0,0.2,0.24,0.36,0.31,0.11,0.18,0.15,0.1,0.06,0,0.1,0,0,0.08,0.05,0.21,0,0.05,0.06,0.12,0.05,0.14,0,0.05,0,0,0.14,0,0,0,0,0,0,0.09,0,0.11,0,0.13,0.26,0.1,0.13,0,0.07,0.17,0,0.06,0,0,0,0.1,0.05,0.09,0.05,0.07,0,0.09,0.12,0.15,0,0.09,0.12,0,0.05,0.1,0,0.14,0.12,0,0,0,0.05,0.11,0.06,0.23,0.23,0.08,0.22,0,0.21,0.19,0.08,0.26,0.27
necessary,0.09,0.1,0,0.12,0,0.31,0.22,0.14,0.05,0.1,0.32,0.09,0,0,0.13,0,0,0.21,0.06,0.15,0.13,0,0.05,0.14,0.22,0,0.1,0.13,0,0.06,0.27,0.1,0.17,0,0.47,0.09,0.13,0.07,0.1,0,0.07,0.05,0.13,0.12,0.2,0.1,0,0.13,0,0.1,0.08,0.2,0.1,0,0.1,0.07,0.19,0,0.12,0.1,0,0.07,0.05,0,0.15,0,0,0.14,0.06,0.15,0.09,0.07,0.09,0,0.09,0,0.13,0.37,0.11,0.12,0.52,0.09,0.08,0,0.16
whether,0,0,0.07,0.06,0.36,0,0.22,0.05,0.05,0.15,0,0.09,0,0,0,0,0,0,0,0.1,0,0.12,0,0.06,0.06,0,0.05,0,0,0.06,0.09,0,0,0,0,0,0.09,0,0,0,0.07,0.1,0,0.06,0,0.1,0.1,0,0.11,0.15,0,0.1,0,0,0.1,0,0.1,0,0.08,0,0.06,0,0,0.11,0,0,0.06,0.21,0.12,0.15,0.22,0.07,0,0,0.09,0,0.17,0.11,0,0,0.14,0.09,0.11,0.07,0.16
common,0.14,0.39,0,0.06,0.09,0.16,0.05,0,0.05,0.05,0,0.09,0.05,0.13,0,0.08,0,0,0.16,0.15,0.13,0,0.15,0,0.39,0.05,0.2,0,0.21,0.12,0.09,0.05,0,0,0,0.05,0.13,0.07,0,0.09,0,0.05,0,0,0,0,0.05,0.06,0,0,0.08,0.2,0.15,0,0.05,0,0,0.17,0,0.05,0,0.12,0.05,0,0,0.1,0.06,0,0.06,0.07,0,0.2,0.09,0,0,0,0,0.2,0.11,0.06,0,0.05,0.23,0,0
each,0.09,0.1,0.26,0.18,0.27,0.57,0,0.14,0.45,0.05,0.51,0.18,0.1,0.25,0.07,0.28,0.18,0.41,0.16,0.05,0.13,0,0.2,0.11,0.11,0.05,0.1,0,0.21,0.19,0,0,0.06,0.07,0,0.14,0.13,0.29,0.26,0,0.26,0,0.09,0.06,0.13,0,0.2,0,0,0,0.17,0.2,0,0,0.1,0.13,0,0.17,0.08,0.08,0.06,0.09,0.05,0.11,0.1,0.05,0.3,0,0.24,0.45,0,0.13,0.05,0.18,0,0.23,0.07,0,0.25,0.15,0,0.19,0.11,0.22,0.21
found,0.14,0.05,0.07,0.06,0,0.1,0.05,0.05,0.05,0.1,0.13,0.09,0.05,0,0.07,0,0.14,0,0.13,0.15,0,0.06,0.05,0.11,0.11,0.1,0,0.08,0,0.19,0,0.05,0.12,0.07,0,0.05,0,0,0.05,0,0.2,0.1,0.09,0,0.07,0,0.15,0,0,0.05,0.08,0.1,0.05,0.13,0,0,0.1,0.13,0,0.1,0,0.05,0.1,0,0.05,0.05,0.12,0.07,0.12,0.07,0,0.2,0,0,0.06,0.11,0,0,0.11,0.09,0,0.05,0.08,0,0.05
security,0,0,0,0.06,0,0.42,0,0.18,0,0,0.06,0.05,0.14,0.08,0,0,0.09,0,0,0.05,0,0.12,0.05,0,0,0.15,0.1,0.13,0,0.19,0.09,0.05,0.12,0,0,0.05,0,0,0.16,0,0.2,0.1,0.13,0,0.07,0,0,0.13,0.06,0.1,0.08,0,0.15,0,0.1,0,0,0,0,0.05,0,0.09,0.07,0.11,0.1,0.1,0.06,0.21,0,0,0.09,0.1,0,0,0,0,0,0.17,0,0,0,0.14,0,0,0.16
where,0.05,0.05,0.2,0,0.09,0.1,0.05,0.28,0,0.2,0.06,0.05,0.14,0,0.1,0,0.14,0,0.06,0,0,0,0.1,0.14,0,0.05,0.05,0.08,0,0.06,0,0,0.06,0.34,0,0.09,0.18,0.11,0.21,0.09,0.13,0.1,0.09,0,0,0,0,0.06,0,0.2,0,0.1,0.15,0,0.05,0.13,0.1,0,0.2,0.08,0.26,0.12,0.1,0,0.05,0,0,0,0,0,0.09,0.07,0.09,0,0,0,0.07,0.11,0.25,0.09,0,0,0.11,0.11,0.27
two,0.09,0.05,0.07,0.18,0.27,0.16,0.05,0.09,0.1,0.15,0.13,0.18,0.14,0.17,0.23,0,0.05,0.1,0,0,0,0,0.15,0.11,0,0.4,0.1,0.25,0,0.12,0,0.1,0.12,0,0.06,0.36,0,0.11,0.16,0,0.2,0,0.26,0.18,0.07,0.23,0.1,0.26,0.06,0,0.25,0,0.36,0,0.05,0.2,0,0.09,0.16,0.05,0,0,0.12,0.15,0.1,0.1,0,0.21,0,0.15,0.13,0.23,0,0,0.09,0.15,0.1,0.17,0.07,0.12,0,0,0,0.18,0.11
view,0,0,0,0.12,0.18,0.16,0.22,0,0.1,0.05,0.06,0,0.05,0.08,0,0.12,0.05,0.31,0,0.05,0,0.12,0.1,0.08,0.06,0.15,0,0,0,0,0,0,0.06,0.07,0,0.09,0.09,0.07,0.05,0.09,0.07,0.05,0,0.06,0,0,0,0,0,0.05,0,0.1,0.1,0.17,0.1,0.07,0,0,0,0.08,0,0,0.05,0.07,0.05,0.1,0.06,0,0.06,0,0,0.07,0.05,0.11,0,0,0.07,0.06,0.14,0,0,0.09,0,0,0
right,0.09,0.05,0,0.06,0,0,0.16,0,0.15,0,0,0.27,0.05,0,0.07,0,0.05,0,0.06,0,0,0.19,0.2,0.14,0,0.2,0,0,0,0.06,0.09,0.15,0.12,0.07,0,0,0,0,0.05,0.18,0,0,0.13,0,0.07,0.2,0,0,0.06,0.05,0,0.1,0,0,0.2,0,0,0.13,0,0.05,0.06,0,0.05,0,0,0,0.06,0.07,0.06,0,0,0,0,0,0,0,0,0,0,0.32,0.17,0,0,0,0
force,0.05,0.15,0.07,0.06,0.09,0,0,0,0.05,0.1,0.13,0,0.1,0,0.07,0.12,0,0.1,0,0.2,0.13,0.06,0.1,0.06,0,0.1,0.2,0.29,0.34,0.56,0.13,0.05,0.06,0,0,0,0,0,0.05,0.13,0.13,0,0,0.06,0.07,0,0,0,0,0.05,0,0.1,0.1,0,0,0,0,0.09,0,0.08,0.06,0.05,0,0,0.1,0.15,0,0,0.06,0,0,0,0.05,0,0,0,0,0.08,0,0.17,0.07,0,0.11,0,0
often,0.09,0.05,0.07,0,0.09,0,0.05,0.09,0,0,0,0,0.05,0,0,0.08,0,0,0.06,0.2,0,0.06,0,0.11,0,0,0,0.08,0.07,0.06,0,0.05,0,0,0,0,0.18,0,0,0,0,0.15,0,0,0,0,0.2,0.19,0.11,0.05,0.21,0.4,0.1,0.22,0.1,0,0,0,0,0,0,0,0,0,0.19,0,0.12,0.14,0.24,0.07,0.17,0.07,0.14,0,0,0,0,0,0,0,0,0,0.08,0,0
people,0.09,0.19,0.13,1.03,0.36,0.42,0.7,0.32,0.25,0.44,0.25,0.86,0.48,0.42,1.38,0,0.18,0.31,0.16,0.24,0.57,0.37,0.35,0.28,0.22,0.25,0.25,0.38,0.55,0.75,0.4,0.2,0.35,0.13,0.18,0.14,0.27,0.26,0.31,0.4,0.33,0.15,0.09,0.24,0.6,0.13,0.2,0.19,0.69,0.39,0,0.2,0.21,0.13,0.2,0.46,0.1,0,0,0,0.06,0.05,0.26,0.26,0.44,0.15,1.32,0.55,0.49,0.22,0.26,0.17,0.28,0.22,0.18,0.96,0.43,0.25,0.11,0.09,0.21,0.85,1.07,0,0.37
senate,0.09,0,0,0,0,0,0,0.05,0,0.1,0,0,0.29,0.42,0.76,0,0,0,0,0,0,0,0,0,0,0,0,0,0.07,0,0,0,0,0,0,0,0.09,0,0.16,0.27,0.26,0.3,1.01,0.91,0.26,0.17,0,0,0,0,0,0,0.62,0.43,0.71,0,0.1,0,0,0.05,0,0,0.07,0,0,0.05,0,0,0,0,0.39,0,0,0,0.15,0.23,0,0,0,0,0,0.05,0,0.15,0
national,0,0.1,0,0.06,0,0,0,0.05,0,0,0,0,0,0.21,0.16,0.16,0.18,0.41,0.29,0.44,0.51,0.06,0.3,0.17,0.33,0.05,0.35,0.29,0.34,0.44,0.22,0.51,0.46,0.34,0.24,0.14,0.18,0.36,0.63,0.49,0.2,0.05,0.13,0.18,0.13,0.23,0.2,0.1,0,0,0,0,0.05,0,0,0,0,0.09,0.45,0.28,0.71,0.1,0.17,0.26,0.1,0.1,0.18,0.97,0.43,0,0.3,0.1,0.09,0,0,1.03,0.23,0.06,0,0.06,0,0.05,0.23,0,0
some,0.09,0.15,0.26,0.12,0.45,0.31,0.16,0.55,0.35,0.05,0.19,0.23,0.19,0.21,0.39,0.08,0.09,0,0.06,0.15,0.06,0,0.15,0.11,0.06,0.2,0.25,0.17,0.07,0,0,0.05,0.17,0,0.06,0.18,0,0,0.21,0.13,0.13,0.2,0.09,0.06,0.07,0,0.2,0.06,0.11,0.15,0.08,0,0.1,0.22,0.3,0.1,0.29,0.3,0.33,0.15,0.06,0.14,0,0.07,0.1,0.1,0.24,0.14,0.12,0.15,0.13,0.1,0.33,0.15,0.3,0.11,0.23,0.06,0,0.06,0.17,0.05,0,0.15,0.37
principles,0,0,0,0.06,0,0.21,0,0.05,0,0.15,0,0.09,0.14,0.21,0,0,0,0,0.06,0,0.06,0.19,0,0,0.06,0,0,0.13,0.07,0,0,0.05,0.12,0,0,0.05,0.09,0,0,0,0,0,0,0,0,0,0,0.1,0.11,0,0,0,0,0.09,0.05,0,0,0,0.2,0.05,0.19,0,0,0,0.05,0.1,0.06,0,0.06,0,0,0,0,0.15,0,0.19,0.26,0,0,0.12,0.07,0.05,0,0.15,0.05
authority,0.28,0.05,0.39,0.12,0,0.31,0.05,0.09,0,0,0.25,0.05,0.05,0.08,0.1,0,0,0.1,0.23,0.29,0.32,0,0.1,0.2,0.22,0.2,0.15,0.34,0.55,0.31,0.22,0.1,0,0.8,0.41,0.23,0,0.11,0.05,0,0,0.1,0.18,0,0,0.37,0,0.19,0.11,0,0.08,0.2,0.05,0,0.05,0.26,0,0,0.53,0.2,0.58,0.09,0,0.07,0.05,0.25,0,0,0,0,0,0,0.05,0,0.12,0.5,0.13,0,0.25,0.52,0.34,0.24,0.08,0.22,0.16
are,0.09,0.83,0.85,0.91,0.36,0.47,0.43,0.88,0.75,0.64,0.76,1.17,0.33,0.63,0.39,0.36,0.69,0.41,0.71,0.15,0.32,0.74,0.4,0.51,1.0,0.5,0.7,0.25,0.69,0.37,0.45,0.35,1.04,0.13,0.47,0.86,0.66,0.62,0.31,0.53,0.59,0.4,0.18,0.42,0.26,0.2,0.88,0.67,0.29,0.34,0.34,0.3,0.36,0.22,0.3,0.42,0.58,0.3,0.85,0.38,0.71,0.74,0.79,0.48,0.68,0.7,0.36,0.55,0.67,0.22,1.08,0.9,0.33,0.66,0.57,0.77,0.43,0.42,0.32,0.44,0.45,0.33,0.5,0.95,0.32
proper,0,0.05,0.07,0.06,0.09,0.1,0.11,0.09,0.15,0.05,0.19,0.05,0.1,0.08,0.07,0,0.05,0,0.1,0,0.13,0,0.15,0,0.22,0.05,0.05,0.08,0.07,0.06,0.18,0.15,0.06,0,0.41,0.23,0.13,0.11,0,0,0,0.05,0.13,0,0.07,0,0,0,0,0,0.08,0,0.15,0.09,0.1,0.1,0.1,0,0.33,0.13,0.13,0.15,0.07,0,0.05,0.05,0.06,0.21,0.06,0.07,0.09,0.1,0.19,0,0.12,0,0,0.06,0.07,0.06,0.28,0.05,0,0,0
our,0,0,0.13,0.12,0,0,0.11,0.18,0.2,0.34,0,0.09,0,0.17,0.07,1.4,0.23,0,0.65,0.1,0.13,0.19,0.05,0.34,0.39,0.6,0.5,0.21,0,0.12,0.27,0.15,0.12,0,0.06,0.27,0.13,0.07,0,0,0,0,0.09,0.06,0.07,0,0.2,0,0,0,0.08,0,0.1,0.09,0,0.07,0.19,0.22,0,0.1,0.06,0.1,0.12,0.18,0.24,0,0.24,0,1.1,0.52,0.39,0.27,0.56,0.22,0.09,0.08,0,0.17,0.07,0,0,0.19,0,0,0.16
out,0.14,0.1,0.13,0.12,0,0,0,0,0,0.05,0,0,0,0.13,0.07,0,0.05,0.1,0,0,0.06,0.06,0.05,0,0,0.05,0,0.08,0.14,0,0.09,0.2,0.06,0.07,0,0.09,0,0,0,0,0,0.05,0,0.06,0.13,0,0.15,0.06,0,0.05,0,0.2,0.05,0.17,0.05,0.1,0.1,0,0.12,0.13,0.06,0.05,0,0.07,0.1,0,0,0.07,0.12,0,0,0,0,0,0.06,0,0.13,0,0.07,0,0,0,0,0,0.11
even,0.05,0.05,0.07,0.06,0.18,0.1,0.16,0.18,0.05,0.05,0.13,0,0.1,0,0.13,0.12,0.09,0.1,0.1,0.24,0,0.12,0.1,0.14,0,0.3,0.15,0.25,0,0.12,0.22,0.05,0.12,0.07,0,0.09,0.09,0.18,0.05,0,0,0,0.13,0.24,0.07,0.1,0,0.06,0.06,0.29,0.08,0.1,0,0.09,0,0.07,0,0.17,0.12,0.08,0.06,0.07,0.1,0,0.1,0.05,0,0.07,0,0.15,0,0,0.09,0.07,0.06,0,0.17,0.11,0,0.09,0,0.09,0.08,0.18,0
what,0,0.05,0.07,0,0,0.1,0.11,0.18,0.1,0.15,0.13,0.23,0,0.29,0.1,0.12,0.09,0,0.1,0.1,0.06,0,0.1,0.11,0,0,0.1,0.13,0.14,0.12,0.27,0.3,0.23,0.13,0.59,0.23,0,0.18,0,0.27,0.13,0.1,0.18,0,0.07,0.1,0.1,0.19,0.29,0.24,0.08,0,0,0.09,0.45,0.07,0.1,0.13,0.24,0.05,0.13,0,0.26,0.11,0,0,0.12,0,0.31,0.15,0,0.17,0.09,0,0,0.08,0.17,0.11,0.11,0.2,0.07,0.05,0.19,0.11,0.11
constitution,0.09,0.15,0.33,0.24,0.63,0.16,0.22,0.28,0.5,0.24,0,0.18,0.48,0.21,0.2,0,0,0,0.13,0.24,0,0.5,0.15,0.11,0.17,0.05,0.2,0.08,0.21,0.06,0.18,0.15,0.12,0.27,0.71,0.05,0,0.11,0.26,0.13,0.33,0.1,0.18,0.36,0.13,0.23,0.05,0.16,0.17,0.05,0.17,0.1,0.05,0.09,0.15,0.72,0.38,0,0.41,0.33,0.26,0.22,0.64,0.48,0.19,0.15,0,0,0,0,0.26,0.07,0.09,0.18,0.36,0.54,0.4,0.51,0.14,0.49,0.65,0.19,0,0.84,0.54
for,0.33,0.34,1.18,0.67,0.54,0.68,0.7,0.97,0.5,0.83,0.44,0.86,0.62,0.67,0.85,0.72,0.37,0.1,0.58,0.44,0.7,0.74,0.25,0.59,0.94,0.5,0.55,0.88,0.48,0.93,0.76,1.17,0.35,0.27,0.53,1.17,0.49,0.44,0.68,0.58,1.11,0.79,0.71,0.66,1.06,0.6,0.64,0.77,0.57,0.68,0.59,0.9,0.36,0.52,0.96,0.49,1.44,0.61,0.49,0.54,0.26,0.67,0.64,0.44,0.44,0.5,0.78,0.76,0.73,0.52,0.6,0.6,0.93,0.44,0.63,0.54,0.76,0.98,0.79,0.81,0.69,0.56,0.42,0.26,0.86
federal,0.28,0.1,0.26,0,0,0.26,0.43,0.41,0.5,0.29,0.44,0.27,0.24,0.13,0.2,0,0.05,0,0.16,0.15,0.19,0.06,0.15,0.11,0.39,0.05,0.2,0,0.27,0.19,0.27,0.15,0.35,0.07,0.24,0.14,0.09,0.26,0.31,0.18,0.2,0,0,0,0.07,0,0,0,0,0,0,0,0,0.09,0,0,0,0.13,0.49,0.2,0.77,0.12,0.05,0,0,0.1,0.12,0.14,0,0,0,0,0.05,0,0.15,0.8,0.07,0.08,0.18,0.32,0.34,0.8,0.99,0.07,0
though,0.19,0.1,0.07,0,0,0,0,0,0.1,0.05,0,0,0.05,0,0,0,0,0,0.06,0,0.06,0,0.05,0.14,0.06,0.1,0.2,0,0.14,0,0,0.25,0.17,0,0.18,0.09,0,0.07,0.1,0,0,0.1,0.09,0.06,0.13,0.1,0.15,0.16,0.11,0.05,0.08,0.1,0.26,0.13,0.1,0.13,0,0,0.08,0.15,0.13,0.07,0.05,0.07,0.15,0.05,0,0,0,0,0,0,0.05,0,0,0.08,0,0.06,0.11,0,0,0.05,0.08,0.33,0
both,0.05,0,0.07,0,0,0.1,0.05,0.14,0.1,0.05,0.13,0.05,0.05,0.13,0,0,0.14,0,0,0,0.13,0,0,0,0.11,0,0,0.08,0,0,0,0.1,0,0.07,0.06,0.05,0,0,0.1,0,0.13,0.1,0,0,0,0.1,0.05,0.06,0.17,0,0.08,0.1,0,0.09,0.05,0.1,0.1,0,0,0.26,0.06,0.05,0.05,0,0,0,0.06,0,0,0.07,0.3,0.17,0,0,0.18,0.11,0,0.11,0.14,0.12,0,0.05,0.19,0.15,0.16
liberty,0.09,0,0,0,0.09,0.1,0.27,0.23,0.1,0.1,0,0.14,0,0,0.13,0,0,0.1,0,0.05,0.06,0.31,0,0,0,0.1,0.25,0.29,0,0.12,0.09,0,0,0.07,0,0,0,0,0,0,0.2,0,0,0,0,0,0,0.1,0.06,0.05,0.08,0,0,0,0,0.1,0,0,0,0,0,0.17,0.33,0.15,0.19,0.2,0.24,0,0,0.07,0,0.2,0,0.11,0.09,0,0.1,0.08,0,0,0,0.09,0,0.29,0.11
yet,0,0,0.07,0,0,0,0,0.14,0.05,0.05,0.06,0.14,0.05,0,0.07,0,0.05,0,0.06,0.05,0.06,0.06,0,0.08,0.06,0.05,0.1,0,0,0,0,0.05,0.12,0.07,0.12,0.14,0,0.07,0.1,0,0,0.05,0.13,0,0.13,0.07,0.1,0.1,0.06,0,0,0,0.1,0.09,0.05,0.07,0.19,0,0.08,0.1,0.06,0.09,0.1,0.07,0,0.05,0.18,0.21,0,0.22,0.17,0.1,0.05,0.18,0.09,0,0,0,0.11,0,0,0.14,0,0,0.05
state,0.05,0.05,0.2,0.12,0.54,0.36,0.49,0.37,0.8,0.34,1.33,0.59,0.29,0.25,0.2,0.2,0.55,0.41,0.19,0.44,0.64,0.37,0.7,0.22,0.17,0.25,0.4,0.29,0.62,0.81,0.22,0.3,0.58,0.67,0.59,0.54,0.22,0.91,0.99,0.62,0.85,0.2,0.18,0.36,0.66,0.33,0.29,0.22,0.11,0.1,0.17,0.2,0.21,0.13,0.3,0.1,0.38,0.35,0.93,0.66,1.16,0.56,0.64,0.41,0.34,0.35,0.06,0.55,0.37,0.15,0.13,0.1,0.09,0.18,0.24,0.46,0.2,0.08,0.75,0.76,0.76,0.85,1.18,0.26,0.27
between,0.09,0.19,0.07,0.06,0,0.1,0.11,0.32,0,0.24,0,0.18,0.14,0.17,0.07,0.16,0.23,0.1,0.06,0.15,0.25,0,0.2,0.14,0.11,0.2,0.1,0.21,0.14,0,0,0.15,0.06,0.07,0,0.27,0.31,0.18,0.1,0.22,0.07,0.1,0.09,0.06,0,0.17,0.34,0.19,0.11,0.05,0,0,0.05,0.13,0,0.2,0.19,0.35,1.06,0.1,0.13,0.15,0.05,0.11,0.1,0.15,0,0,0.12,0.22,0,0.1,0.19,0.18,0,0.08,0.07,0,0.11,0.15,0.07,0.09,0,0,0.05
new,0.14,0.1,0.07,0.12,0.09,0.05,0.27,0.14,0.15,0.1,0.06,0.32,0.14,0.25,0.1,0.08,0.14,0.41,0.1,0.05,0.06,0.43,0.35,0.17,0.06,0.25,0.2,0.17,0.14,0.12,0.18,0.25,0.06,0.07,0.06,0.05,0.18,0.07,0.05,0,0.39,0.15,0.22,0.12,0.07,0.67,0.1,0.16,0.23,0.1,0.13,0.1,0.21,0,0.1,0,0.19,0.48,0.08,0.23,0.19,0.17,0.24,0.22,0.1,0.35,0.18,0.14,0.06,0.07,0.26,0,0.28,0.11,0.3,0.15,0.36,0.14,0.11,0.23,0.28,0.24,0.08,0.15,0.05
public,0.05,0.24,0.13,0.36,0.18,0.1,0.11,0.28,0.1,0.24,0,0.23,0.14,0.25,0.2,0,0.14,0.1,0.16,0,0.13,0.12,0.05,0.11,0.22,0.1,0.1,0.21,0.21,0.12,0.09,0.56,0.12,0,0,0.14,0.18,0.11,0.1,0.09,0.13,0.3,0.09,0.18,0.07,0.1,0.1,0.19,0.23,0.2,0.13,0,0.05,0.17,0.45,0.1,0.1,0.17,0.2,0.2,0.06,0.09,0.21,0.18,0.05,0,0.12,0,0,0.07,0.09,0.47,0.19,0.18,0.12,0,0.07,0.2,0.39,0.23,0.17,0.14,0.08,0,0.11
either,0,0.05,0,0.06,0.27,0,0,0.09,0,0.1,0.13,0,0,0,0,0.12,0,0,0.06,0.15,0.06,0.12,0.3,0.11,0,0.2,0.05,0,0,0.25,0,0.1,0.06,0.07,0.06,0.09,0.09,0.33,0.1,0.22,0,0.15,0,0.06,0,0.1,0.25,0.19,0.29,0.05,0.17,0,0.21,0.39,0.15,0.2,0.1,0.13,0.08,0.1,0.13,0.17,0.05,0,0.05,0.15,0,0.35,0.24,0.07,0.13,0,0.05,0.07,0.09,0.15,0,0.06,0,0.09,0,0.05,0.08,0.15,0.21
body,0,0.15,0,0,0.18,0,0,0,0.05,0.05,0,0.05,0.05,0.08,0.43,0,0,0,0,0.1,0.06,0.06,0,0,0.06,0.05,0.05,0.17,0,0.19,0.22,0.05,0,0.13,0,0.05,0.18,0,0.16,0.27,0.2,0.2,0.44,0.36,0.4,0,0,0.06,0.23,0.05,0.51,0.4,0.46,0.61,0.35,0.26,0.1,0,0,0.31,0,0.09,0.1,0.07,0.1,0.05,0.06,0,0,0,0.17,0.1,0.05,0.07,0.18,0.23,0.13,0.06,0,0,0,0.05,0.08,0.15,0.16
be,0.28,0.68,0.46,2.84,2.79,3.28,2.49,2.35,2.0,2.5,2.29,1.94,2.48,2.55,1.97,1.76,1.85,2.59,1.42,2.69,1.53,2.1,2.0,1.52,2.49,2.59,2.61,2.26,2.33,2.55,2.23,2.48,2.07,2.01,1.89,1.89,1.99,2.88,2.29,2.93,2.43,3.21,1.72,1.09,2.38,1.7,0.88,1.22,2.17,2.01,2.07,2.39,1.44,3.17,1.92,2.15,2.88,2.04,1.95,2.17,2.32,1.8,2.24,1.25,1.7,1.3,0.9,2.14,1.53,2.3,2.46,2.03,2.1,1.73,1.53,1.99,1.78,2.08,1.72,2.27,1.86,2.45,2.75,1.28,1.66
we,0.14,0.05,0.13,0.24,0.09,0.1,0.27,0.18,0.2,0.29,0.25,0.41,0.19,0,0.2,0.48,0.23,1.14,0.78,0.2,0.06,0.5,0.45,0.39,0.61,0.2,0.4,0.46,0.41,0.25,0.22,0.25,0.35,0.13,0.12,0.95,0.4,0.26,0.1,0.18,0.13,0.05,0.22,0.12,0.2,0.3,0.25,0.19,0.11,0.15,0,0.1,0.36,0.17,0.1,0.07,0.38,0.69,0.08,0.05,0.13,0.09,0.26,0.15,0.24,0.3,0.3,0,0.61,0.37,0.22,0.3,0.37,0.29,0.27,0.27,0.1,0.2,0.14,0,0.07,0.28,0.08,0.26,0.11
men,0,0.05,0.07,0.12,0.18,0.21,0,0.09,0.05,0.2,0.13,0.18,0.1,0.13,0.13,0.08,0.09,0.1,0.29,0.05,0.06,0.5,0.05,0.28,0.06,0,0.05,0,0.07,0.19,0.09,0.15,0.23,0,0,0,0.13,0.11,0.05,0.22,0.13,0.25,0.09,0,0.26,0,0.25,0.16,0.23,0.49,0.21,0.2,0.05,0.39,0.2,0.13,0.29,0.09,0,0.2,0.06,0.12,0.12,0.11,0.05,0.05,0.36,0.28,0.12,0.07,0.56,0.13,0,0.18,0.18,0,0,0,0,0,0,0.05,0.15,0,0
degree,0.05,0,0.13,0,0,0.05,0.16,0.09,0.1,0.2,0.19,0,0.05,0,0.07,0,0.09,0.1,0,0.05,0.06,0,0.15,0,0.06,0,0.05,0.08,0.07,0,0.09,0.15,0.17,0,0,0,0.13,0,0.05,0,0,0.05,0,0,0.13,0.1,0,0.06,0.11,0.05,0,0,0.15,0.09,0.05,0,0,0,0,0.05,0,0,0.05,0.11,0.05,0.05,0,0,0.06,0.15,0.09,0.13,0.05,0.07,0,0,0.1,0,0,0,0,0.14,0,0,0.05
nature,0,0.05,0.13,0.24,0,0.21,0,0,0,0.05,0,0.18,0,0.08,0,0.08,0.09,0,0.1,0.05,0.32,0.06,0.3,0.08,0.06,0.05,0.05,0,0.07,0.06,0,0,0.23,0,0.18,0.05,0,0.18,0,0,0.07,0.15,0.09,0.06,0.07,0,0.05,0,0.06,0.05,0,0,0.05,0.09,0,0.16,0.1,0,0,0.08,0.06,0.1,0,0,0.05,0.05,0,0,0.06,0,0,0.07,0.09,0.26,0.06,0,0,0,0,0.2,0,0,0,0.07,0.21
never,0.14,0,0.2,0.06,0.09,0,0,0,0,0.05,0,0,0.05,0,0.1,0,0.05,0.1,0,0.05,0.06,0.06,0,0.08,0.06,0.05,0.05,0,0,0.06,0,0.05,0,0,0,0,0.18,0,0.21,0.18,0.2,0.05,0,0,0.07,0,0.1,0,0,0.05,0,0.1,0,0,0.05,0.1,0.29,0,0.08,0.05,0,0,0.05,0,0,0.05,0.06,0.07,0.12,0,0,0.07,0.14,0.11,0.06,0,0.07,0.11,0,0,0,0,0,0.11,0.16
however,0.09,0,0.13,0.12,0.09,0.05,0,0,0.05,0,0.19,0.09,0.1,0.08,0.1,0,0,0.1,0,0,0,0.19,0.05,0.06,0.11,0.15,0.05,0,0.07,0.06,0,0.05,0.06,0.07,0.06,0.09,0,0,0.05,0.13,0.07,0,0,0,0,0.07,0.05,0.06,0.11,0,0,0,0.05,0,0.1,0,0,0,0,0,0,0.09,0.05,0.15,0.05,0.15,0.12,0,0.06,0,0.09,0.1,0.09,0.15,0.12,0,0,0,0,0,0,0.05,0.08,0.07,0.11
reason,0,0,0,0.24,0.18,0,0.22,0.14,0.05,0.1,0,0.09,0.1,0,0.1,0,0.05,0.1,0.06,0,0.06,0.06,0,0.08,0.06,0.05,0,0.08,0.07,0,0.18,0,0,0,0,0.05,0,0,0.1,0,0.13,0.15,0.18,0,0,0.07,0.05,0.06,0.11,0.15,0,0,0,0,0.05,0.13,0,0,0.08,0.13,0.06,0,0.07,0,0,0,0.18,0,0,0.07,0.09,0.1,0,0,0.06,0,0.1,0,0,0,0.07,0,0,0,0.11
objects,0,0,0,0.06,0.09,0,0,0.23,0.1,0,0.38,0.05,0.05,0.08,0.13,0,0.18,0,0.13,0.05,0.25,0.06,0.2,0,0.33,0,0.1,0,0.14,0,0,0.15,0.17,0,0,0.27,0.18,0.18,0,0,0,0.05,0,0,0,0,0.05,0,0.06,0,0,0,0.05,0.09,0.05,0,0,0,0.08,0,0.19,0,0.07,0,0,0.1,0.06,0.07,0.06,0.07,0.17,0.07,0.05,0.22,0,0.11,0.07,0.14,0,0,0,0.14,0.11,0,0.05
york,0.05,0.05,0.07,0.06,0.09,0.05,0.05,0.05,0.1,0.1,0.06,0.18,0.05,0,0,0,0.05,0.21,0,0.05,0.06,0.06,0.15,0.08,0.06,0.1,0.2,0.08,0.07,0.12,0.09,0.05,0.06,0.07,0.06,0.05,0.13,0,0.05,0,0.33,0.05,0.09,0.12,0.07,0.53,0.05,0.1,0.06,0.05,0,0.1,0.05,0,0.05,0,0.19,0.26,0,0.05,0.13,0.09,0.07,0.07,0.05,0.1,0.06,0.07,0.06,0.07,0,0,0.05,0,0,0.11,0.13,0.06,0,0,0,0.05,0,0.07,0.05
members,0.62,0.54,0.13,0.24,0.63,0.21,0.05,0.32,0.05,0.34,0.19,0.14,0.19,0,0.13,0,0,0,0.16,0.24,0,0,0.15,0.06,0.11,0,0.25,0,0.27,0,0,0.15,0.12,0,0,0.05,0,0.15,0.31,0.09,0.33,0.05,0.18,0.06,0,0,0.1,0.06,0.06,0,0.13,0,0.51,0,0.05,0,0,0,0.16,0.05,0,0,0,0,0,0.25,0.12,0,0.06,0,0.09,0,0.14,0,0,0.08,0.07,0,0.18,0.15,0.14,0.28,0.42,0.62,0.16
others,0.14,0,0.26,0.12,0.18,0.16,0,0,0.15,0,0.06,0,0.05,0,0.1,0,0,0,0,0,0.13,0,0.05,0.14,0,0,0,0.13,0,0.06,0,0,0,0.07,0,0.05,0.09,0,0,0,0,0,0,0,0,0,0.1,0.06,0,0,0,0.1,0.05,0.09,0.05,0,0,0.26,0,0,0,0.09,0,0,0,0.05,0.06,0.21,0.18,0.22,0.13,0,0.09,0.07,0.06,0,0,0.06,0,0.09,0,0,0,0,0.21
therefore,0,0,0,0.12,0.18,0.05,0.16,0.09,0.25,0.05,0.19,0.05,0.14,0,0.07,0,0.09,0,0,0,0.06,0.06,0.05,0,0,0,0.1,0,0,0,0.09,0.05,0.12,0,0.12,0.05,0.13,0,0.1,0,0,0.05,0,0.06,0,0.1,0,0.13,0,0.1,0,0,0.05,0.09,0.05,0.13,0.1,0,0,0.15,0.13,0.15,0.14,0.07,0.15,0.05,0.18,0.21,0.06,0.15,0.22,0.07,0.05,0.07,0,0.11,0.07,0.11,0.07,0.09,0.21,0,0.08,0,0.11
by,1.56,1.07,1.25,0.91,0.99,1.2,1.19,1.43,1.3,0.69,0.64,1.13,1.05,1.17,1.68,0.8,0.69,0.52,1.04,0.64,0.57,0.87,1.1,0.84,0.61,0.7,1.1,0.88,0.96,0.44,0.45,0.71,0.52,0.67,0.83,0.18,0.44,0.77,0.89,0.93,0.33,0.79,0.57,0.84,0.79,0.73,0.54,0.48,0.86,0.83,1.14,0.2,0.82,1.08,0.81,0.82,0.38,1.21,0.53,0.82,0.26,1.4,0.74,0.41,0.53,0.65,0.6,1.24,0.86,0.74,1.3,1.3,0.84,1.1,1.11,1.26,1.82,0.9,1.11,1.37,0.96,0.52,0.8,1.53,1.5
legislature,0,0,0,0.18,0.09,0.16,0.22,0.09,0.2,0.2,0.32,0.18,0.1,0,0,0,0,0,0,0.1,0,0,0,0,0,0.4,0.05,0.38,0,0,0.09,0,0.06,0.13,0.24,0.05,0,0.29,0.16,0.13,0.2,0,0.18,0.24,0,0.27,0.05,0.1,0.23,0.05,0.21,0.2,0,0,0.15,0.2,0.1,0,0,0.33,0.19,0.12,0.07,0,0,0.05,0,0,0,0,0.17,0,0,0,0,0.15,0,0.08,0,0.17,0,0,0,0.47,0.16
on,0.76,0.83,0.46,0.97,0.99,1.09,1.03,0.37,0.95,0.44,0.7,0.86,0.86,0.79,0.66,0.2,0.55,0.31,0.32,0.2,0.13,0.56,0.3,0.25,0.11,0.55,0.55,0.29,0.27,0.06,0.13,0.41,0.29,0.94,0.3,0.5,0.35,0.22,0.31,0.27,0.39,0.25,0.31,0.18,0.2,0.2,0.1,0.45,0.4,0.29,0.21,0.4,0.26,0.17,0.15,0.33,0.48,0.56,0.37,0.41,0,0.31,0.5,0.66,0.53,0.45,0.48,0.41,0.67,0.37,0.6,0.6,0.79,0.7,0.45,0.96,0.43,0.76,0.79,0.96,0.96,0.47,1.22,0.73,0.86
great,0.05,0,0.2,0.3,0,0.26,0.11,0.14,0.1,0.1,0.38,0.23,0.1,0.17,0.07,0.36,0.28,0.41,0.06,0.05,0.25,0.19,0.1,0.14,0.06,0.2,0.1,0.17,0,0.12,0,0,0,0,0.06,0.18,0.22,0.07,0.05,0.18,0.13,0.1,0,0.12,0.13,0.43,0.1,0.22,0,0,0.08,0,0.15,0.09,0.15,0.2,0,0.17,0,0.15,0,0.31,0.17,0.11,0.29,0.25,0.24,0.35,0.12,0.15,0.09,0.17,0.37,0.22,0.12,0.15,0.17,0.22,0.18,0.2,0,0.19,0.19,0.15,0.21
her,0.24,0,0.2,0,0,0,0,0,0,0.05,0,0.23,0,0.17,0.07,0.52,0.05,1.03,0,0,0,0,0.05,0,0,0.05,0.15,0,0,0.19,0,0,0,0,0,0,0,0,0,0,0,0,0,0,0,0,0.1,0,0,0,0,0,0,0,0,0,0,0.17,0,0,0,0.09,0,0,0.1,0,0,0,0,0.52,0,0,0.14,0,0.21,0,0,0.39,0,0,0,0,0,0.11,0
country,0,0,0.07,0,0,0.05,0.05,0.05,0,0.1,0,0.09,0.05,0,0,0.2,0.28,0,0.06,0.05,0,0.12,0.2,0,0.17,0.05,0.15,0.21,0,0.12,0.09,0.15,0,0,0,0.05,0.09,0,0.1,0.18,0,0.05,0,0,0,0,0.05,0,0,0.05,0,0.1,0,0,0,0,0.1,0,0,0,0,0,0.07,0.11,0.34,0,0.36,0.21,0.06,0.07,0.13,0.07,0.09,0.07,0.12,0,0.2,0,0,0,0,0.05,0.11,0,0
could,0.09,0.1,0.13,0.18,0,0.05,0,0.09,0.1,0.1,0,0.05,0.05,0,0.13,0.12,0.09,0,0.1,0.64,0.06,0.06,0.25,0.08,0,0.2,0.15,0.29,0,0.12,0.13,0.3,0.12,0.27,0.12,0.36,0,0.11,0.31,0.31,0.2,0.25,0.18,0.12,0.13,0.17,0,0,0,0.34,0.08,0.1,0.1,0.3,0.3,0,0.1,0.09,0.08,0.13,0.06,0.1,0,0,0.15,0.15,0.06,0.07,0.12,0,0.09,0.07,0.05,0.22,0.18,0.11,0.2,0.2,0,0.2,0.1,0.05,0.27,0,0.05
citizens,0,0,0,0,0,0.21,0.05,0.09,0.1,0.15,0,0.27,0.05,0,0.07,0,0.05,0.1,0.1,0.1,0.25,0,0.15,0,0.11,0.05,0,0.08,0.21,0.25,0.13,0.05,0,0,0,0,0.35,0,0,0.13,0.13,0,0,0.06,0,0,0,0,0,0.05,0,0,0,0,0,0,0,0.3,0.93,0,0,0.05,0.12,0,0.1,0,0.12,0,0,0,0.09,0.4,0.14,0,0.06,0.11,0.1,0,0.25,0.06,0,0.05,0.11,0,0
against,0.19,0.29,0,0.54,0.09,0.42,0,0.09,0.1,0.2,0.13,0.23,0.33,0.17,0.26,0,0.14,0.1,0.13,0.29,0.13,0.12,0.3,0,0.06,0.3,0.2,0.25,0,0.5,0.13,0,0.29,0.07,0.3,0.27,0,0.07,0.16,0,0.2,0.15,0.31,0.12,0.2,0.1,0.2,0.22,0.06,0,0.21,0.2,0.1,0.09,0.05,0.1,0,0,0.2,0.15,0,0.1,0.19,0.18,0.24,0.2,0.06,0.21,0.37,0.37,0,0.17,0.19,0,0.39,0,0.17,0.39,0.22,0.44,0.21,0.24,0.15,0,0.32
foreign,0.09,0.34,0.46,0,0,0,0,0.14,0,0.15,0,0.05,0,0.13,0.1,0.16,0.14,0.1,0.13,0.05,0,0.06,0,0.22,0.06,0,0.1,0,0,0.06,0,0.05,0.06,0,0,0.05,0,0,0.05,0,0,0,0.09,0.06,0.07,0.13,0.1,0,0,0.05,0,0,0.41,0,0,0,0,0.13,0.16,0,0,0,0.12,0,0.05,0,0.06,0.14,0.18,0.67,0,0,0.09,0,0,0,0,0.22,0.47,0.12,0.1,0.09,0,0,0
must,0,0.1,0.2,0.18,0.09,0.57,0.49,0.09,0.1,0.29,0.13,0.18,0.14,0.46,0.39,0.08,0.74,0.31,0.29,0.44,0.06,0.19,0.2,0.25,0.5,0.3,0.25,0.17,0.14,0.44,0,0.61,0.46,0.07,0.41,0.18,0,0.36,0.1,0.27,0.13,0.1,0.22,0.18,0.07,0.17,0.05,0.29,0.23,0.34,0,0,0.15,0.26,0.2,0.46,0.19,0.13,0,0.08,0.13,0.26,0.29,0.59,0.15,0.05,0.24,0,0,0.22,0.26,0.33,0.09,0.77,0.12,0.19,0.13,0.42,0.14,0.23,0.21,0.28,0.34,0,0.05
place,0,0.15,0.2,0.12,0.27,0.26,0.16,0.14,0.05,0.05,0,0.23,0.19,0,0,0,0,0,0.1,0.05,0.06,0,0,0.06,0.06,0,0,0.13,0.21,0.12,0,0,0.12,0,0.06,0,0.18,0,0.16,0,0.13,0,0,0.12,0.2,0.07,0.1,0,0,0.05,0.08,0.2,0.1,0.09,0,0.07,0.1,0,0,0.13,0.13,0,0.12,0.11,0.1,0.1,0.06,0.07,0.06,0.07,0.09,0.1,0.19,0,0.09,0,0,0.08,0,0,0.17,0.05,0.08,0,0.05
whole,0.09,0.05,0.07,0.12,0,0.16,0.05,0,0.05,0.2,0.19,0.14,0.19,0,0.16,0,0.05,0.21,0,0.05,0.06,0,0.05,0.11,0.06,0.1,0.1,0,0.14,0.12,0.09,0,0.06,0.07,0.06,0,0,0,0.05,0,0,0.2,0,0,0.13,0,0,0.13,0,0,0,0,0.15,0,0,0.07,0,0.13,0.08,0,0.19,0,0.05,0.11,0.05,0,0,0.07,0.37,0.07,0.13,0.17,0.23,0,0.06,0.11,0,0,0.07,0.09,0.07,0.09,0.11,0.15,0.05
or,0.19,0.44,0.53,0.6,0.72,0.36,0.38,0.55,0.45,0.98,0.19,0.99,0.53,0.5,0.53,0.48,0.32,0.31,1.23,0.83,0.83,0.37,1.05,0.59,0.44,0.6,0.75,0.5,0.96,0.5,0.76,1.01,0.75,0.74,0.71,0.54,0.53,1.02,0.36,0.84,0.52,0.89,0.53,0.3,0.4,0.47,0.93,0.71,0.97,0.78,1.01,1.19,0.46,1.13,0.45,0.62,0.38,0.43,0.89,0.54,0.84,0.45,0.5,0.44,0.83,0.55,0.6,2.21,1.47,0.74,0.6,0.73,0.51,0.48,0.51,0.54,0.33,0.59,0.54,0.61,1.27,0.38,0.53,0.66,0.59
first,0.05,0.15,0.07,0.06,0.27,0.31,0.38,0.05,0,0.24,0,0.14,0.19,0.29,0.16,0,0,0,0.16,0.1,0.06,0.06,0,0.14,0.11,0.1,0.05,0.08,0,0,0,0.05,0.06,0.34,0.18,0,0.13,0.26,0.16,0,0,0.15,0.09,0.24,0.13,0.1,0,0.26,0.11,0.24,0.08,0.1,0,0.13,0.05,0.1,0.1,0,0.16,0.08,0.19,0,0.14,0.18,0.19,0.05,0.06,0.21,0,0.07,0.09,0.23,0.05,0.11,0.18,0.19,0.07,0.17,0,0.06,0.28,0.09,0.11,0,0.11
among,0.24,0.34,0.13,0.18,0,0.16,0.11,0.14,0.05,0.15,0.19,0,0.14,0.13,0,0,0.05,0,0.13,0,0.06,0.06,0.1,0.08,0,0.1,0.05,0,0,0.06,0,0,0.12,0,0,0,0.13,0,0.05,0,0,0,0,0,0,0,0.15,0,0,0.05,0,0,0,0,0,0.1,0,0.13,0.16,0,0,0,0.07,0.07,0,0,0.12,0.07,0,0,0,0,0.19,0.15,0.12,0.08,0,0.17,0.11,0.23,0.1,0.05,0,0.11,0.05
own,0.09,0.15,0.13,0.06,0,0.1,0,0.05,0.05,0.1,0.06,0.09,0.05,0.13,0.2,0.16,0.05,0.1,0.06,0.1,0,0.25,0.3,0,0.06,0,0.1,0.13,0.07,0.19,0,0.2,0.23,0.13,0,0.09,0.31,0,0.26,0.22,0.13,0.05,0.13,0,0.13,0.1,0.05,0.06,0.11,0.15,0,0,0.05,0,0.05,0.07,0.29,0.17,0.16,0.05,0.06,0.12,0,0.18,0,0.1,0.06,0,0.24,0,0,0.1,0.23,0.15,0.09,0.08,0,0.11,0.22,0.09,0,0.05,0.08,0.07,0.11
danger,0,0,0.07,0.18,0.09,0.16,0.05,0.09,0,0.15,0,0,0.05,0,0.13,0,0,0.1,0,0.1,0.06,0.06,0,0.06,0,0.05,0.5,0.21,0.07,0.06,0.22,0.05,0.06,0.07,0.06,0,0.09,0,0.05,0.13,0.2,0.1,0,0,0.07,0,0,0.1,0,0.05,0.08,0,0.05,0.09,0,0,0.1,0,0,0.08,0,0.05,0,0,0.19,0,0.12,0.07,0.12,0.07,0,0.1,0.09,0,0.15,0,0,0.22,0,0.06,0,0.14,0.08,0.07,0.16
had,1.09,0.54,0.2,0.24,0.81,0.05,0.11,0,0.15,0.15,0.06,0.05,0.1,0,0.23,0,0.14,0,0.06,0.24,0.19,0.06,0.05,0.08,0.06,0.25,0.2,0.29,0,0.19,0.09,0,0,0.13,0.18,0.09,0.09,0.11,0.1,0,0.2,0.15,0.09,0.18,0,0,0.2,0.16,0.23,0.39,0.08,0.3,0.05,0.09,0.15,0.1,0,0.3,0,0.1,0,0.09,0.05,0.07,0.15,0.25,0.24,0,0.18,0,0.13,0,0.14,0.11,0.18,0,0.56,0.2,0.14,0.09,0.34,0.19,0.11,0.11,0.54
into,0.24,0.19,0.2,0.06,0.18,0.26,0.05,0.09,0.25,0,0.25,0.09,0.1,0.25,0.2,0.16,0.32,0.72,0.13,0.15,0.19,0.12,0,0.11,0.11,0.05,0.05,0.34,0.21,0.06,0.18,0.3,0.29,0.07,0.24,0.09,0.22,0.15,0.26,0.22,0.2,0.15,0.09,0.06,0,0.27,0.34,0.1,0,0,0.17,0.2,0.1,0,0,0.07,0.1,0.09,0,0.05,0.06,0,0.05,0.07,0.24,0.25,0.36,0,0.61,0.52,0,0.3,0.09,0.18,0.21,0.11,0.23,0.2,0.29,0.2,0.38,0.14,0.15,0,0.16
within,0,0.05,0.07,0.12,0.54,0.1,0.11,0.18,0,0.24,0.44,0,0.05,0,0.13,0,0.05,0,0,0.1,0.13,0,0.05,0,0.11,0,0.05,0.08,0.07,0.06,0,0.05,0,0,0,0.09,0,0.07,0,0,0,0,0,0.06,0.07,0.1,0.05,0,0.06,0.05,0,0,0.05,0,0,0,0,0.13,0.08,0.05,0.06,0,0,0,0.15,0.1,0,0,0,0.07,0,0.13,0.09,0,0,0.11,0.07,0.06,0.39,0.06,0,0.14,0,0,0.11
number,0.05,0.05,0,0.24,0.09,0.1,0,0,0.3,0.93,0.51,0.18,0.91,0.13,0.07,0.08,0.09,0.41,0.1,0,0.06,0.12,0.1,0.31,0,0,0.05,0.13,0,0,0,0,0,0,0.06,0.05,0.18,0.07,0,0,0.07,0.05,0.09,0,0.4,0.1,0.05,0.22,0,0,0.13,0,0.41,0.13,0.2,0,0,0,0,0,0.13,0,0.26,0.15,0.05,0,0.24,0.21,0.12,0.07,0,0.5,0.09,0,0.21,0,0,0,0,0.06,0,0.19,0.19,0,0.11
one,0.28,0.44,0.26,0.24,0.36,0.21,0.22,0.32,0.35,0.44,0.32,0.45,0.24,0.25,0.3,0.2,0.23,0.83,0,0.1,0.13,0.25,0.05,0.28,0.17,0.4,0.1,0.21,0.14,0.25,0.18,0.25,0.12,0.27,0.12,0.36,0.22,0.22,0.21,0.27,0.2,0.3,0.22,0.18,0.46,0.37,0.15,0.29,0.46,0.2,0.34,0.3,0.26,0.43,0.2,0.23,0.1,0.17,0.2,0.26,0.58,0.31,0.12,0.29,0.29,0.6,0.6,0.55,0.79,0.74,0.17,0.27,0.09,0.22,0.39,0.5,0.3,0.22,0.25,0.38,0.17,0.19,0.34,0.62,0.43
another,0.14,0.15,0.13,0,0,0.05,0.11,0.05,0.25,0.15,0.13,0.05,0.05,0.29,0,0.12,0.05,0.31,0,0,0,0.06,0.1,0.06,0,0,0,0.08,0,0.06,0.09,0.05,0.12,0.27,0.06,0,0.09,0.11,0,0.09,0,0.1,0.09,0.06,0.07,0,0.05,0.06,0.11,0.15,0,0,0.21,0.09,0,0,0,0.09,0.2,0.1,0.13,0.09,0.14,0,0.05,0.15,0,0,0.06,0.3,0,0,0.05,0,0.3,0,0,0.08,0.22,0,0.14,0.09,0,0.15,0
such,0.24,0.34,0.2,0.18,0.09,0.31,0.05,0.18,0.15,0.1,0,0.14,0.19,0.21,0.33,0.24,0.14,0.1,0.06,0.2,0,0.06,0.15,0.25,0.39,0.2,0.2,0.38,0.21,0.12,0.18,0.25,0.23,0.34,0.24,0.14,0.13,0.26,0.21,0.18,0,0.2,0.26,0.12,0.2,0.13,0.15,0.16,0.29,0.34,0.08,0.3,0.1,0.3,0.3,0.23,0.48,0.13,0.24,0.33,0.39,0.17,0.29,0.18,0.24,0.25,0.12,0.35,0.55,0.22,0.56,0.27,0.09,0.15,0.36,0.15,0.43,0.17,0.29,0.35,0.24,0.09,0.23,0.07,0
respect,0,0,0,0,0,0,0,0.05,0.25,0,0.06,0.09,0,0.08,0,0.08,0.09,0,0,0,0,0.06,0,0,0.06,0.25,0.05,0.08,0.07,0,0.09,0.05,0.12,0,0.24,0.09,0,0,0.1,0.18,0.2,0.05,0,0.06,0.2,0.3,0,0,0.11,0,0,0,0.05,0.09,0.05,0,0.19,0,0,0.08,0.13,0.05,0,0,0,0.1,0.06,0.48,0,0.07,0.09,0,0,0,0,0,0,0,0.11,0,0,0.05,0,0,0.11
should,0.05,0,0,0.12,0.09,0.47,0.22,0,0.2,0.05,0,0,0.1,0.08,0.07,0.12,0.18,0,0.19,0.29,0.13,0.06,0.25,0.22,0.11,0.3,0.3,0.25,0.14,0.56,0.36,0.2,0.35,0.2,0.24,0.27,0.44,0.18,0.05,0.22,0.46,0.15,0.22,0.06,0.33,0.2,0.1,0.22,0.34,0,0.3,0.2,0,0.09,0.1,0.16,0.19,0.3,0.16,0.2,0.32,0.15,0,0.15,0.24,0.25,0.24,0.28,0.06,0.3,0.6,0,0.09,0.37,0.3,0,0.4,0,0,0.35,0.14,0.14,0.34,0.07,0.32
legislative,0,0,0,0.3,0.54,0.16,0.22,0.32,0,0.1,0.19,0,0.14,0.08,0.13,0,0,0,0,0,0,0,0,0,0,0.15,0.1,0.13,0.07,0,0,0,0,0,0.18,0.09,0,0,0,0,0.07,0.1,0.09,0,0,0.07,0,0,0.34,0.05,0.59,0.1,0.21,0,0.05,0.42,0.19,0,0,0.2,0.06,0.05,0.07,0,0.05,0.05,0,0,0,0,0.09,0,0,0.07,0.06,0.08,0,0,0.14,0.06,0.1,0.05,0,1.64,1.07
little,0.09,0.1,0.07,0.06,0.09,0.26,0.16,0.14,0.15,0.05,0.32,0.05,0.05,0.13,0.07,0.12,0.09,0.1,0.1,0.05,0,0.06,0.05,0.08,0,0.1,0.15,0,0.07,0,0.13,0.1,0,0,0,0.14,0,0,0.05,0.13,0.13,0.05,0.13,0.06,0.13,0,0.05,0.06,0.11,0,0,0.2,0.05,0.13,0.05,0,0.1,0,0,0,0,0.09,0,0.11,0.19,0.05,0.06,0.14,0.06,0,0,0.07,0.05,0,0.09,0,0.07,0,0.07,0,0,0.05,0.11,0,0.05
america,0,0,0,0.06,0,0.1,0,0.09,0.05,0.15,0,0.05,0,0.13,0.1,0.32,0.09,0.1,0.06,0,0.06,0.06,0.05,0.11,0.06,0.1,0,0.17,0,0,0,0.15,0,0,0,0,0,0,0.05,0,0,0,0,0.06,0.07,0,0,0,0,0,0,0,0.05,0,0,0,0,0.09,0,0,0,0,0.05,0,0.05,0.1,0.42,0.41,0.31,0.37,0,0,0.19,0,0.06,0.11,0.1,0.28,0,0,0.07,0.14,0,0,0
from,0.47,0.78,1.18,0.3,0.72,0.36,0.65,0.51,0.65,0.59,0.57,0.5,0.48,0.88,0.53,0.76,0.88,0.52,0.71,0.54,0.32,0.68,0.8,0.65,0.33,0.55,0.6,0.46,0.34,0.37,0.58,0.41,0.58,0.6,0.53,0.54,0.35,0.8,0.63,0.53,0.52,0.59,0.49,0.3,0.73,0.4,0.69,0.58,0.86,0.68,0.55,0.3,0.51,0.52,0.66,0.88,0.67,0.48,0.28,0.51,0.9,0.38,0.48,0.33,0.44,0.35,0.24,1.04,0.49,0.82,0.52,0.4,0.51,0.74,0.63,0.88,0.53,0.62,0.36,0.17,0.31,0.38,0.38,0.44,0.64
would,0.28,0.19,0.07,1.33,0.99,0.47,0.43,0.28,0.3,0.49,0.25,0.27,0.57,0.21,0.36,2.0,1.02,1.45,0.42,1.76,0.76,0.12,0.6,0.56,0.22,1.24,1.05,0.67,0.21,0.75,0.85,1.12,0.29,1.54,0.89,0.9,0.71,0.18,0.83,1.24,1.11,1.24,0.44,0.3,0.46,0.9,0.29,0.35,0.91,1.22,1.22,0.9,1.39,1.21,1.62,0.62,0.48,2.21,0.41,0.54,0.71,0.82,0.43,0.22,1.31,0.4,0.3,0.14,1.04,2.75,0.3,0.2,0.23,0.26,0.45,0.31,0.2,0.25,0.54,0.35,1.0,0.52,1.11,0.15,0.16
union,0.28,0.1,0.59,0,0,0.05,0,0.09,0.05,0,0.06,0.05,0,0,0,0.28,0.18,0.1,0.39,0.44,0.25,0.43,0.25,0.28,0.39,0,0.3,0,0.41,0.25,0.18,0.46,0.52,0.87,0.41,0.41,0.13,0.36,0.42,0.18,0.07,0.15,0.13,0,0.2,0.13,0,0,0,0,0,0,0.21,0,0.15,0.1,0,0.22,0.49,0.08,0.58,0.09,0.12,0.26,0.1,0.3,0.48,0.21,0.24,0.52,0,0.27,0.51,0,0.09,0.27,0.2,0.28,0.14,0.17,0.21,0.47,0.11,0,0.05
there,0.14,0.05,0,0.12,0,0.21,0,0.09,0.05,0.24,0.19,0.18,0.1,0,0.26,0.32,0.42,0.93,0.58,0.2,0.25,0.12,0.4,0.39,0.22,0.3,0.1,0.34,0.55,0.44,0.58,0.25,0.35,0.54,0.12,0.41,0.22,0.66,0.36,0.36,0.33,0.25,0.22,0.18,0.07,0.33,0.39,0.42,0.17,0.44,0.21,0.4,0.15,0.3,0.15,0.39,0.29,0.39,0.28,0.48,0,0.38,0.4,0.37,0.1,0.15,0,0.07,0.18,0,0.26,0.2,0,0.07,0.09,0,0.13,0,0.11,0.06,0.14,0.14,0,0.11,0.11
political,0.09,0.05,0.13,0.06,0,0,0.05,0.05,0,0.2,0.13,0.05,0,0.13,0,0.08,0.09,0,0.16,0.1,0.13,0.19,0.1,0.06,0.11,0.1,0.05,0,0.14,0.12,0.09,0,0.06,0,0.3,0.14,0.09,0,0.05,0,0,0.15,0,0.06,0.07,0,0.05,0,0.06,0.05,0,0,0.05,0.09,0,0,0,0,0,0,0,0,0.1,0.15,0.05,0,0.18,0.07,0,0.15,0,0.1,0.14,0,0,0.31,0,0.06,0,0.12,0,0.05,0,0.18,0.05
system,0.09,0.15,0,0,0,0.21,0.05,0,0.05,0,0,0.05,0,0.08,0,0.16,0.05,0.1,0.06,0.05,0.06,0.06,0.05,0.2,0.22,0,0.1,0,0,0.25,0,0.25,0,0,0,0.05,0.09,0.11,0.16,0,0,0,0,0.06,0.13,0,0.05,0,0.06,0.1,0,0,0,0,0.05,0,0.1,0,0.08,0,0.13,0.09,0.17,0.11,0.1,0,0,0,0.06,0,0.13,0,0.09,0,0.12,0,0.13,0,0,0.06,0.1,0.19,0,0.07,0
been,0.19,0.19,0.07,0.18,1.17,0.1,0.86,0.32,0.2,0.29,0.32,0.18,0.67,0.17,0.36,0.12,0.37,0.21,0.45,0.34,0.19,0.19,0.55,0.45,0.33,0.2,0.3,0.34,0.41,0.25,0.27,0.51,0.29,0.27,0.65,0.54,0.22,0.47,0.78,0.09,0.59,0.59,0.44,1.03,0.33,0.27,0.59,0.48,0.29,0.2,0.63,0.2,0.51,0.43,0.45,0.29,0.48,0.35,0.57,0.56,0.06,0.62,0.43,0.63,0.78,0.75,0.48,0.14,0.12,0,0.17,0.3,0.42,0.88,0.45,0.31,0.66,0.56,0.68,0.41,0.65,0.28,0.19,0.51,0.64
their,1.09,0.54,1.31,0.85,1.17,0.36,0.49,0.18,0.6,0.78,0.57,1.04,0.62,0.54,0.53,0.44,0.65,0.1,0.23,0.59,0.64,0.87,0.4,0.65,0.44,0.65,0.55,0.42,0.41,0.81,0.63,0.41,0.58,0.27,0.3,0.45,0.84,0.51,0.52,0.62,0.33,0.25,0.62,0.3,0.79,0.2,0.64,0.71,0.8,0.59,0.34,0.2,0.1,0.3,0.61,1.04,1.15,0.78,0.24,0.28,0.39,0.27,0.69,0.26,0.78,0.7,1.26,0.76,1.16,0.82,0.91,0.7,0.89,0.85,0.75,0.61,1.16,0.37,0.43,0.29,0.31,0.33,1.11,0,0.75
much,0.14,0,0,0.18,0,0.05,0.05,0.14,0,0.05,0.32,0,0.1,0,0,0.12,0.23,0.31,0,0.05,0.13,0.19,0.15,0.22,0,0.05,0,0.13,0.14,0,0.13,0.1,0.12,0,0.06,0.14,0.09,0.07,0.05,0.13,0,0.05,0.09,0.06,0.13,0.13,0.1,0.22,0,0.15,0.17,0.1,0.1,0.09,0.1,0.07,0.19,0,0,0,0,0.1,0.1,0.07,0.24,0,0.06,0.07,0.12,0.22,0.26,0.17,0,0,0,0,0.1,0,0,0,0.14,0.28,0.11,0,0.11
too,0.09,0,0.07,0.18,0,0.05,0.16,0,0.05,0.05,0.06,0.05,0.14,0,0,0.12,0.14,0.31,0.06,0.05,0.25,0.19,0.15,0,0.06,0.15,0.2,0.25,0,0.12,0,0.05,0.12,0,0,0.18,0.09,0.11,0,0,0,0.05,0.22,0.18,0.13,0,0.1,0.16,0.11,0.15,0.25,0.1,0.05,0.09,0.1,0,0.19,0.09,0,0.13,0,0.09,0.05,0.11,0.1,0.1,0.06,0.07,0.12,0,0.13,0.27,0,0,0,0,0,0.08,0.11,0.06,0.07,0.14,0.23,0.07,0
interest,0.09,0.1,0,0.06,0,0.16,0.05,0,0.05,0,0.06,0.09,0.14,0,0,0.16,0.05,0,0.16,0,0.06,0.19,0,0.08,0,0.05,0,0,0.07,0,0,0,0.06,0,0.06,0.18,0.35,0.15,0.21,0.4,0,0.05,0.13,0,0,0,0.25,0,0.06,0.05,0.08,0,0.05,0,0,0,0,0.17,0,0,0,0,0,0.11,0,0,0.12,0.07,0.18,0.22,0,0.4,0,0,0,0,0,0,0.11,0.09,0,0,0.08,0,0
convention,0,0,0,0.3,0,0.05,0.22,0,0.2,0,0.06,0,0,0,0,0,0,0.1,0,0,0,0,0,0,0.06,0.05,0,0,0.14,0,0.09,0,0,0.2,0.18,0.09,0,0,0.16,0,0.2,0.25,0.18,0,0.2,0.07,0,0,0,0,0.13,0,0.05,0.09,0.1,0.1,0.19,0,0.12,0.18,0.19,0.19,0.12,0.22,0,0.05,0.48,0.07,0,0,0.17,0,0.09,0.48,0.12,0.23,0.86,0.08,0.07,0.09,0.14,0.14,0,0,0.05
themselves,0.14,0.19,0.13,0.18,0.18,0.05,0.05,0.09,0.1,0.15,0.06,0.09,0.1,0.08,0.2,0.12,0.05,0.21,0.1,0.1,0.06,0.12,0,0.06,0.06,0,0,0.08,0,0.19,0,0.1,0.17,0,0,0.05,0,0,0.05,0.09,0,0.1,0.26,0,0.07,0,0.2,0.06,0.17,0.15,0,0,0,0.09,0.05,0.2,0,0,0,0,0,0,0,0,0.1,0.05,0.06,0.07,0.18,0.15,0,0.1,0.05,0.11,0.12,0.11,0.07,0.14,0,0.09,0,0.19,0.27,0,0.11
was,1.37,0.63,0.46,0.06,0.36,0.05,0.59,0.18,0.05,0.1,0.13,0.18,0.05,0,0.3,0,0,0,0.1,0,0.38,0,0.05,0.2,0.22,0.35,0.2,0.46,0.07,0.06,0.18,0.15,0,0.2,0.18,0.09,0,0,0.05,0,0.26,0.1,0.09,0.06,0.73,0.3,0.49,0.19,0.29,0.2,0.08,0.1,0.1,0.09,0.1,0.07,0.1,0.3,0.12,0.05,0.06,0.07,0.17,0,0.05,0.1,0.48,0,0.06,0.22,0.09,0.07,0.14,0.07,0.36,0.08,0.4,0.08,0.11,0.23,0.14,0.19,0.46,0.15,0.27
war,0.28,0.19,0.2,0,0,0,0,0,0,0.05,0,0,0,0,0,0,0.05,0,0.06,0.2,0.06,0,0,0.14,0.06,0,0.2,0.08,0.07,0,0.09,0.15,0,0,0,0.32,0,0,0,0,0,0,0,0,0,0.1,0.49,0,0,0.1,0,0.2,0,0,0,0,0,0.09,0,0,0,0,0.05,0,0.53,0,0.12,0.48,0.49,0.15,0,0,0,0,0,0,0,0.17,0,0,0.14,0.14,0,0,0.11
more,0.47,0.29,0.13,0.18,0,0.26,0.38,0.46,0.3,0.54,0.44,0.41,0.62,0.54,0.13,0.36,0.23,0.62,0.19,0.29,0.57,0.43,0.15,0.17,0.11,0.05,0.1,0.13,0.55,0.56,0.09,0.15,0.06,0,0.06,0.18,0.4,0.36,0.47,0.18,0.26,0.35,0.53,0.18,0.13,0.23,0.39,0.55,0.34,0.49,0.42,0.1,0.21,0.26,0.35,0.13,0.48,0.26,0.08,0.1,0.06,0.39,0.17,0.18,0.39,0.3,0.3,0.9,0.79,0.82,0.17,0.4,0.37,0.26,0.3,0.23,0.13,0.34,0,0.23,0.31,0.66,0.42,0.33,0.43
interests,0.05,0,0,0,0,0.36,0,0,0.1,0.05,0.64,0.05,0.05,0.08,0,0.16,0.18,0.1,0.1,0,0.19,0.12,0,0.11,0.28,0,0,0,0.07,0,0,0.05,0,0,0,0.05,0.35,0.07,0.05,0,0.07,0,0.13,0,0,0,0.1,0.13,0.17,0.05,0,0,0.1,0.09,0,0,0.1,0,0,0,0,0,0.05,0.15,0,0,0.06,0.21,0.18,0.37,0.22,0.47,0.05,0.18,0,0,0.07,0,0,0,0.07,0,0.15,0,0
form,0,0.15,0,0,0,0.1,0,0.14,0,0.1,0,0.14,0,0.08,0.07,0,0.05,0.1,0,0.1,0.13,0,0.05,0,0.06,0.1,0,0.08,0,0.06,0.09,0,0,0,0,0.09,0.13,0,0,0.09,0,0,0,0.06,0.07,0,0.05,0.06,0,0.05,0,0,0.05,0,0.05,0,0,0,0,0,0,0.1,0.12,0.15,0,0.15,0.06,0,0,0.15,0.17,0.13,0.09,0,0.06,0.31,0.07,0.22,0,0.17,0.07,0.14,0.11,0.18,0.05
that,0.99,0.63,0.59,1.27,1.08,1.3,1.62,1.11,1.4,1.57,1.14,1.4,1.58,1.46,1.64,0.96,1.25,1.86,1.23,0.78,1.34,1.73,1.2,1.49,1.55,1.64,1.56,1.76,2.61,1.24,1.34,1.57,1.73,2.14,1.89,1.94,1.64,1.53,1.51,2.04,2.1,1.19,1.59,0.97,1.32,1.53,1.08,1.12,1.26,0.93,1.69,1.29,1.8,1.69,1.62,2.22,1.83,1.17,1.02,1.25,1.23,2.07,2.0,1.25,0.87,1.25,2.63,1.38,1.04,1.71,1.99,1.03,1.54,1.73,1.68,1.07,2.08,1.18,1.15,1.45,0.96,1.41,1.49,1.31,1.45
but,0.33,0.1,0.33,0.48,0.09,0.47,0.32,0.51,0.4,0.24,0.51,0.36,0.33,0.5,0.43,0.32,0.37,0.21,0.26,0.29,0.19,0.12,0.1,0.45,0.17,0.3,0.2,0.46,0.34,0.25,0.31,0.56,0.46,0.67,0.89,0.41,0.53,0.36,0.47,0.4,0.2,0.25,0.31,0.3,0.6,0.33,0.15,0.48,0.34,0.24,0.42,0.2,0.26,0.3,0.2,0.52,0.29,0.13,0.16,0.51,0.26,0.43,0.43,0.26,0.49,0.3,0.48,0.48,0.61,0.3,0.52,0.37,0.19,0.44,0.6,0.54,0.23,0.39,0.39,0.35,0.28,0.19,0.5,0.18,0.37
part,0.05,0.19,0,0.12,0,0.1,0.22,0.14,0.2,0.05,0.25,0.09,0.05,0.13,0.16,0.32,0.18,0.21,0.19,0,0.06,0.06,0.1,0.17,0.06,0.05,0.1,0,0.07,0.31,0.09,0,0.12,0.07,0.06,0.23,0.18,0.07,0.21,0,0.13,0.05,0.13,0.06,0.07,0.1,0.15,0.06,0.06,0.2,0.08,0.3,0.26,0,0.15,0,0.1,0.3,0.08,0.18,0.13,0.07,0.1,0.26,0.1,0.15,0,0.14,0.12,0.07,0,0,0,0.15,0.09,0,0.17,0.25,0.07,0.09,0.28,0.05,0.23,0.07,0.16
courts,0,0,0.07,0,0,0,0,0,0,0,0,0,0,0,0,0,0,0,0,0.1,0,0,0,0.11,0,0,0,0,0.07,0,0,0,0,0,0,0,0,0,0,0,0,0.05,0,0,0,0,0,0,0,0,0,0,0,0,0,0.59,0,0,0.37,0.69,1.74,0.45,0,0,0,0.05,0,0.21,0,0,0,0,0,0,0,0,0,0,0,0,0,0,0,0.07,0
particular,0.05,0.05,0.13,0,0.18,0.1,0.32,0.14,0.05,0.05,0.25,0.09,0.19,0.08,0.16,0.08,0,0,0.1,0.15,0.25,0.06,0.15,0.11,0.06,0.1,0.1,0,0.21,0,0.09,0.05,0.06,0.27,0,0.23,0.27,0.15,0.26,0.27,0.26,0.05,0,0,0.07,0.1,0.15,0,0,0.1,0,0.2,0.05,0.09,0.05,0.23,0.19,0.09,0.16,0.15,0.19,0.1,0.14,0.15,0,0,0.12,0,0.18,0,0.13,0.13,0.09,0.07,0.06,0.11,0.1,0.06,0.07,0.2,0.21,0.24,0.27,0.11,0.11
cases,0,0.15,0.13,0.06,0,0.1,0,0.14,0.05,0.05,0.19,0.09,0.19,0,0.1,0,0,0,0,0.05,0,0.06,0,0,0,0,0.05,0,0,0.19,0,0,0,0.34,0,0,0,0.07,0.1,0,0,0.25,0.13,0.06,0,0.1,0,0.06,0,0,0,0.1,0.05,0,0.05,0,0,0,0.77,0.26,0.52,0.72,0.12,0,0,0,0,0.07,0,0,0.09,0.1,0,0,0,0,0.17,0.08,0,0.23,0.1,0.14,0,0.18,0.05
general,0.19,0.19,0.2,0,0,0.1,0.16,0.09,0.05,0.15,0.13,0.05,0.19,0,0.13,0,0.05,0.1,0.23,0.15,0.25,0.19,0.1,0.08,0.17,0.15,0,0.08,0.41,0.31,0,0.15,0.23,0.2,0.06,0.05,0.18,0.33,0.21,0.09,0.07,0.05,0,0.24,0.07,0.07,0.29,0,0.06,0.05,0,0.1,0,0.09,0.05,0.07,0.1,0,0.16,0.18,0.13,0.21,0.14,0.11,0.05,0.1,0.18,0.21,0.12,0.15,0,0.07,0.14,0.11,0.06,0.23,0.13,0.51,0.25,0.23,0.41,0.14,0.11,0.07,0
with,0.57,1.02,0.53,0.67,0.45,0.31,0.59,0.51,0.6,0.54,0.95,0.14,0.62,0.54,0.53,0.88,0.83,1.03,0.62,0.64,0.64,0.37,0.75,0.56,0.89,0.25,0.4,0.38,0.41,0.56,0.54,0.61,0.63,0.34,0.3,0.54,0.53,0.51,0.52,0.31,0.46,0.59,1.01,0.72,0.53,0.63,0.54,0.61,0.8,0.49,0.63,0.4,0.77,0.39,0.3,0.39,0.38,0.52,0.45,0.36,0.39,0.51,0.33,0.29,0.63,0.7,0.78,0.69,0.73,0.82,0.6,0.37,0.33,0.63,0.66,0.46,0.5,0.45,0.57,0.49,0.62,0.71,0.69,0.73,0.43
than,0.33,0.15,0.33,0.06,0,0.16,0,0.32,0.2,0.73,0.38,0.45,0.24,0.29,0.26,0.24,0.18,1.03,0.32,0.2,0.32,0.68,0.2,0.31,0,0.2,0.2,0.21,0.48,0.19,0.09,0.15,0.35,0.07,0.06,0.14,0.35,0.22,0.36,0.31,0.79,0.25,0.31,0.3,0.4,0.4,0.29,0.45,0.29,0.34,0.59,0.2,0.41,0.35,0.3,0.33,0.67,0.22,0.16,0.15,0.19,0.27,0.38,0.18,0.15,0.05,0.3,0.55,0.55,0.67,0.09,0.43,0.23,0.18,0.33,0.31,0.17,0.37,0.14,0.29,0.28,0.42,0.42,0.18,0.21
present,0.09,0,0.07,0.12,0.09,0,0.05,0,0,0.1,0.06,0.05,0.1,0,0,0.08,0.09,0,0.13,0.05,0,0.06,0,0,0.11,0.05,0,0,0.07,0,0,0.15,0,0,0,0.09,0,0,0.1,0,0.07,0.05,0,0,0,0.07,0.05,0,0.06,0.1,0,0,0.21,0.09,0,0.07,0.1,0,0,0,0.06,0.07,0.17,0.15,0.05,0.05,0.12,0.21,0.12,0.15,0.09,0,0.05,0,0.09,0,0,0.06,0,0,0,0.05,0.08,0,0
circumstances,0,0,0.07,0.06,0.27,0,0.16,0.18,0,0.2,0.64,0.09,0.1,0,0.07,0.08,0.05,0.1,0.06,0,0,0,0.15,0,0.22,0.05,0,0.08,0.07,0.06,0,0,0,0,0,0,0,0.15,0.1,0,0.07,0,0,0.06,0.07,0.07,0,0.13,0,0.1,0,0,0.05,0.09,0.1,0,0.19,0.09,0,0,0,0.1,0,0.11,0.05,0.05,0,0.21,0.18,0.15,0.13,0.07,0,0,0,0,0.07,0,0,0,0,0,0,0,0.11
case,0,0.1,0.07,0.18,0.27,0.05,0.16,0.18,0.4,0.1,0.13,0.05,0,0,0,0,0,0.1,0,0.05,0.13,0,0,0.11,0.11,0.05,0,0,0,0.06,0.09,0.1,0.06,0.34,0,0.05,0.13,0.07,0.21,0.09,0,0,0.18,0.06,0,0.07,0.05,0.1,0.17,0.15,0.25,0.3,0.1,0.17,0,0.1,0.1,0,0,0.1,0.19,0.22,0,0,0.1,0,0.06,0.07,0.12,0,0.09,0,0,0,0.15,0.11,0.1,0.06,0.14,0.17,0,0.05,0.31,0.15,0.05
has,0,0.34,0.66,0.12,0.09,0.1,0.16,0.37,0.1,0.24,0.25,0.18,0.53,0.13,0.16,0.32,0.6,0.21,0.45,0.34,0.25,0.37,0.45,0.56,0.28,0.45,0.25,0.25,0.21,0.31,0.22,0.51,0.06,0.13,0.18,0.27,0.13,0.33,0.31,0.13,0,0.05,0.49,0.72,0.4,0.4,0.49,0.32,0.29,0.24,0.59,0.2,0.36,0.22,0.45,0.2,0.77,0.17,0.24,0.31,0,0.38,0.45,0.55,0.39,0.6,0.36,0.35,0.06,0,0.22,0.13,0.37,0.37,0.36,0.34,0.33,0.51,0.47,0.32,0.24,0.19,0.15,0.62,0.32
rights,0,0.05,0.07,0.12,0,0.57,0.16,0.05,0.3,0,0.13,0.05,0,0,0,0.16,0.05,0,0,0.05,0,0.12,0,0,0,0.2,0.15,0.21,0,0.25,0,0,0.12,0.07,0,0,0,0,0,0.09,0,0.05,0,0,0,0,0,0,0.06,0,0.17,0,0,0,0,0.23,0,0.17,0,0,0,0,0.57,0.07,0.19,0,0.12,0,0,0,0,0.4,0.09,0,0.21,0,0,0,0.25,0.12,0.1,0,0.11,0,0.05
this,0.8,0.58,0.53,0.3,0.63,0.68,0.81,0.69,1.05,0.59,0.83,0.59,0.67,0.71,0.56,0.96,0.79,0.52,0.78,0.88,0.7,0.87,0.85,0.87,0.78,1.14,1.0,0.63,0.62,0.44,0.63,0.86,0.75,1.07,1.06,0.63,0.62,0.84,0.94,0.75,0.92,0.89,0.93,0.72,0.86,1.07,0.54,0.51,0.46,0.49,1.14,0.8,0.72,0.78,0.86,0.85,0.77,0.95,0.57,1.12,0.9,1.03,0.86,0.48,0.92,0.75,0.84,0.41,0.06,0.45,0.48,0.37,0.61,0.63,0.72,0.8,0.59,0.79,0.65,0.64,0.86,0.24,0.34,0.87,0.75
as,0.66,0.49,0.79,0.91,0.99,1.46,0.86,1.01,1.8,0.59,0.64,1.08,1.0,0.67,0.99,0.84,0.88,0.83,0.49,0.93,0.19,0.62,0.9,0.73,1.22,0.65,1.21,0.75,0.75,0.62,1.16,1.12,1.15,0.27,0.83,0.9,0.97,1.28,0.83,0.98,1.18,0.89,0.88,0.91,1.13,0.53,0.93,0.71,0.97,0.78,0.46,1.0,0.87,0.78,0.91,0.98,0.48,0.82,0.81,1.17,0.97,0.92,0.83,0.74,0.78,0.95,0.96,1.66,1.22,0.22,1.68,0.67,1.12,1.07,0.87,1.26,1.09,0.93,0.79,1.13,0.96,1.08,0.8,0.73,0.96
us,0.05,0,0.07,0.06,0,0.05,0.16,0.09,0,0.2,0,0.05,0.05,0,0.1,0.64,0.14,0.1,0.55,0.1,0.06,0.12,0.05,0.11,0.22,0.3,0.25,0.25,0.07,0.06,0.09,0.15,0,0,0.12,0.27,0,0,0.05,0.18,0.13,0,0,0.12,0,0.1,0.1,0.1,0.06,0.05,0.08,0,0.05,0.09,0.1,0.07,0,0.17,0.12,0.18,0.06,0.12,0.07,0.07,0.15,0.15,0.12,0.21,0.49,0.45,0.22,0.07,0.09,0.15,0.18,0,0.07,0,0,0.12,0,0.09,0.11,0.07,0.16
nations,0,0.1,0.07,0,0,0,0,0.14,0,0.05,0,0,0.05,0.13,0.13,0.24,0.14,0.21,0.1,0,0,0,0.1,0.06,0.11,0.2,0.2,0,0,0.12,0,0.1,0,0,0,0.14,0,0.07,0,0,0,0,0,0,0,0,0.49,0,0,0.05,0,0,0.05,0,0,0,0,0.17,0.16,0,0,0.07,0,0,0.24,0,0,0.48,0.55,0.82,0.09,0,0.09,0,0,0,0,0.2,0.25,0,0,0,0,0,0
will,0.05,0.05,0.26,0.06,0.63,1.2,0.54,1.15,0.75,0.98,1.84,1.08,1.77,0.71,0.62,0.68,0.51,0.93,0.62,0.24,0.76,1.55,0.3,0.31,0.83,0.4,0.5,0.46,2.33,0.81,0.49,0.56,0.35,0.2,0.53,0.72,0.93,0.98,1.09,0.93,0.46,1.43,1.01,0.18,0.86,0.2,0.29,0.35,0.4,0.34,0.8,0.1,0.31,1.17,0.51,0.46,0.67,0,0.65,0.77,0.45,0.41,0.91,0.59,0.53,0.35,0.12,1.66,0.92,0.45,1.08,1.0,1.21,0.37,0.36,0.57,0.23,0.7,0.22,0.55,0.34,1.51,1.53,0.15,0.59
can,0,0.05,0.07,0.24,0,0.16,0.38,0.6,0,0.39,0.25,0.32,0.24,0.38,0.46,0.2,0.09,0.41,0.45,0.05,0.13,0.19,0.45,0.17,0.61,0.2,0.15,0.21,0.75,0.75,0.49,0.61,0.12,0.07,0.12,0.32,0.27,0.58,0.31,0.18,0.39,0.25,0.13,0.18,0.07,0.6,0.1,0.16,0.11,0.1,0.13,0,0,0.09,0.4,0.59,0.67,0.13,0.2,0.15,0.32,0.1,0.26,0.37,0.05,0.05,0,0.21,0.49,0.07,0.35,0.13,0.42,0.07,0.27,0,0.1,0.25,0.11,0.26,0.24,0,0.27,0.33,0.21
were,0.76,0.24,0,0.12,0.09,0.21,0.54,0.18,0.3,0.29,0.13,0.09,0.1,0,0.16,0.08,0,0,0.26,0.34,0.25,0.06,0.1,0.25,0.06,0,0.05,0.29,0,0.12,0.27,0.05,0,0.13,0.24,0.05,0.18,0,0.1,0.09,0,0.05,0.13,0,0.13,0.1,0.25,0.22,0.17,0.2,0.13,0.2,0,0.13,0.1,0,0,0.39,0.08,0.08,0.06,0,0.17,0.07,0,0.55,0.42,0.07,0.06,0.45,0,0,0.14,0.11,0.3,0.23,0.63,0.17,0.14,0,0.07,0.28,0.11,0.26,0.21
situation,0,0.05,0,0,0,0,0,0,0.05,0,0.19,0.09,0,0.13,0,0.16,0.14,0,0.1,0.05,0.06,0,0.1,0.08,0,0.1,0.1,0.08,0.07,0.12,0,0.25,0,0,0,0,0.13,0.15,0.16,0.09,0.07,0.05,0,0.06,0.2,0,0.05,0,0.06,0.15,0,0,0,0,0,0,0.19,0.13,0,0,0.06,0.05,0,0.11,0.29,0.05,0,0,0.37,0,0,0.07,0.05,0.07,0.09,0,0,0.11,0,0,0,0,0,0,0
powers,0.19,0.39,0.2,0.12,0,0.16,0,0,0,0.05,0,0,0,0.08,0,0.08,0.05,0,0.13,0.1,0.19,0,0.05,0.14,0.5,0.2,0,0,0.14,0,0.09,0,0.23,0.13,0.71,0,0,0.07,0.05,0,0,0.05,0,0,0.07,0.07,0,0,0.11,0,0.13,0,0.26,0,0.1,0.13,0,0.09,0.16,0,0,0.05,0.12,0,0.1,0,0.12,0.14,0.06,0,0,0,0,0.07,0.33,0.46,0.5,0.28,0.22,0.09,0.79,0.52,0.11,0.66,0.75
and,3.74,4.0,3.55,2.54,2.97,2.08,2.0,2.86,1.9,2.35,3.37,2.44,2.25,2.89,2.23,2.8,2.87,1.76,2.4,2.06,3.31,2.48,2.45,2.33,3.1,2.94,2.31,2.05,2.26,2.18,2.64,2.28,2.53,2.75,2.6,2.16,2.88,2.41,1.77,1.64,1.64,1.83,1.85,2.78,1.99,3.47,3.63,2.54,2.23,2.54,1.77,2.29,1.85,2.39,2.07,2.41,2.31,2.21,2.76,2.24,2.65,2.07,2.07,2.69,2.62,2.26,4.96,4.14,5.5,5.35,4.45,4.03,2.8,3.72,2.83,2.45,3.3,2.47,3.45,2.29,3.03,2.96,2.79,3.13,2.73
his,0.38,0.83,0.79,0.18,0,0,0.16,0.14,0.45,0,0.13,0.18,0.05,0.38,0,0,0.09,0,0,0,0.45,0,0.1,0.2,0,0.25,0,0.25,0.21,0,0.09,0.1,0,0,0,0,0.44,0,0,0,0.07,0.59,0,0.3,0.4,0.53,0.15,0.42,1.09,1.71,1.05,0.1,0.41,0.82,0.3,0.07,0.19,0,0.08,0,0,0,0.1,0.26,0,0.2,0,0.14,0.12,0,0,0.27,0,0.18,0.54,0,0.1,0.08,0,0,0.07,0.05,0,0.4,0.16
certain,0.05,0.1,0.2,0.06,0,0.1,0,0.05,0.05,0.2,0.06,0,0.1,0,0,0.08,0,0.1,0,0.05,0,0.19,0,0,0.06,0.05,0,0,0,0,0,0.05,0.12,0.07,0.06,0,0,0.15,0,0,0,0.2,0,0,0,0,0,0,0.06,0.15,0,0,0,0,0,0,0,0,0,0,0.06,0.1,0.05,0.07,0.05,0.05,0.18,0,0.06,0,0,0.07,0.05,0.07,0.12,0,0,0.06,0.11,0,0,0.09,0.08,0.07,0
is,0.47,0.78,0.98,1.09,0.54,1.04,1.03,1.29,1.75,1.22,0.64,1.54,0.81,1.55,1.18,0.36,1.02,0.93,1.55,0.69,0.7,0.8,1.35,1.35,1.27,0.5,0.85,1.05,0.96,0.87,1.38,0.76,1.32,1.07,1.53,0.72,1.82,1.28,0.89,1.24,0.66,0.84,1.28,1.09,1.26,1.77,0.39,1.57,0.8,1.17,1.22,1.09,0.87,0.95,1.06,1.6,1.06,0.61,0.93,1.56,1.03,1.99,1.62,1.4,1.02,0.8,0.96,0.48,0.61,0.52,0.73,1.36,1.16,1.1,1.71,2.18,0.96,1.07,1.4,0.99,0.96,1.08,0.27,1.57,1.55
influence,0.05,0.05,0.26,0.24,0,0,0.11,0,0.2,0,0.06,0.05,0.1,0,0.07,0,0.09,0,0.1,0.05,0.32,0.06,0,0,0,0.05,0,0,0.14,0,0,0,0.12,0,0,0,0.13,0.18,0,0.13,0,0.1,0.26,0,0,0.17,0.15,0.16,0.11,0.05,0.21,0,0,0.17,0.35,0.1,0,0,0,0,0,0.09,0,0,0,0.1,0.06,0.28,0,0,0.09,0.1,0,0.15,0,0,0,0,0,0.09,0,0.38,0,0,0.21
it,1.23,0.93,0.79,1.57,1.44,1.67,1.73,0.83,1.35,0.83,1.27,1.17,1.15,1.3,1.31,0.84,1.2,0.62,0.97,1.81,1.02,1.24,0.85,1.29,1.27,1.14,1.31,1.8,1.44,1.12,1.88,1.47,1.55,1.61,2.3,1.04,1.15,1.28,1.72,1.86,1.64,1.63,1.54,1.21,1.32,1.0,0.54,1.22,1.72,1.08,1.81,1.39,1.39,1.26,1.47,1.76,1.25,0.74,1.26,1.63,0.84,1.75,1.52,1.51,0.92,1.2,2.27,1.45,1.71,1.56,1.3,1.56,1.44,1.36,1.47,1.68,1.16,1.46,1.04,1.66,0.65,0.89,1.22,0.8,1.29
an,0.24,0.44,0.33,0.67,0.27,0.26,0.16,0.28,0.45,0.2,0.19,0.27,0.43,0.54,0.59,0.6,0.51,0.31,0.58,0.64,0.57,0.68,0.5,0.53,0.61,0.45,0.35,0.92,0.34,0.81,0.63,0.35,0.69,1.01,0.47,0.59,0.58,0.55,1.25,0.53,0.33,0.54,0.53,0.48,0.6,0.47,0.54,0.61,0.51,0.59,0.38,0.7,0.62,0.69,0.96,0.52,0.19,0.65,0.33,0.56,0.65,0.34,0.36,0.74,0.63,0.65,0.06,0.21,0.18,0.3,0.26,0.47,0.42,0.37,0.54,0.23,0.4,0.56,0.57,0.35,0.34,0.33,0.34,0.36,0.64
states,0.09,0.29,0.13,0,0.09,0.16,0.49,0.74,1.2,0.39,0.64,0.23,0.81,0.63,0.16,0.52,0.46,0.93,0.36,0.54,0.25,0.12,0.6,0.73,0.28,0.25,0.5,0.29,0.14,0.31,0.27,0.25,0.12,1.41,0.24,0.54,0.27,0.36,0.52,0.18,0.39,0,0,0.54,0.33,0.53,0.34,0.1,0.06,0,0.17,0.5,0.15,0.17,0.15,0.07,0.19,1.34,1.54,0.46,0.52,0.39,0.45,0.59,0.49,0.6,0.12,0.76,0.06,0.07,0.17,0.1,0.56,0.11,0.36,0.92,1.02,0.34,1.11,1.31,1.0,1.04,0.61,0.07,0.11
single,0.05,0,0,0,0.09,0.1,0,0.23,0.15,0,0.13,0.05,0.14,0,0,0.08,0.09,0,0,0.1,0,0,0,0.11,0,0.05,0,0,0.14,0.06,0,0,0,0,0,0.05,0,0.07,0,0.13,0.2,0,0,0,0.13,0.13,0,0.29,0,0,0.13,0.3,0.1,0.17,0.05,0,0,0,0,0,0.06,0,0.05,0.07,0.05,0.2,0,0.07,0.06,0,0,0,0,0,0.18,0,0,0.11,0,0.06,0,0.09,0,0.07,0.11
itself,0.05,0.1,0,0.12,0.09,0.36,0.11,0,0.1,0,0.13,0.14,0.05,0.08,0.13,0,0.05,0.1,0.06,0.1,0.06,0,0.15,0.06,0.17,0.15,0.05,0,0.21,0.19,0.13,0.05,0.17,0,0.12,0.05,0.18,0.11,0.1,0.18,0.13,0.15,0.13,0,0,0,0,0,0.06,0,0.13,0.3,0.05,0,0,0,0,0.09,0.08,0,0,0.05,0.07,0,0,0.1,0,0,0.06,0,0,0.07,0.05,0.11,0,0,0.07,0.17,0,0.12,0.14,0.14,0,0,0
at,0.19,0.24,0.53,0.12,0.81,0.16,0.38,0.09,0.1,0.83,0.32,0.27,0.24,0.21,0.39,0.44,0.6,0.1,0.78,0.54,0.45,0.5,0.2,0.34,0.17,0.35,0.55,0.5,0.27,0.44,0.49,0.3,0.29,0.13,0.12,0.27,0.18,0.15,0.42,0.4,0.79,0.3,0,0.3,0.4,0.2,0.29,0.39,0.46,0.59,0.42,0.2,0.1,0.22,0.3,0.1,0.48,0.48,0.12,0.18,0.13,0.33,0.24,0.22,0.53,0.5,0.6,0.07,0.12,0.3,0.22,0.27,0.33,0.07,0.18,0.27,0.23,0.14,0.11,0.2,0.14,0.19,0.23,0.26,0.21
have,0.24,0.54,0.66,0.3,1.08,0.16,1.03,0.32,0.8,0.29,0.51,0.5,0.86,0.29,0.69,0.6,0.6,0.41,1.0,0.59,0.25,0.62,0.45,0.39,0.61,0.6,0.55,0.67,0.34,0.68,0.31,0.56,0.63,0.34,0.77,0.72,0.4,0.84,1.15,0.36,0.79,0.84,0.57,1.27,0.93,0.57,1.32,0.93,0.51,0.34,0.63,0.5,0.82,0.87,0.66,0.62,0.58,1.0,0.77,0.59,0.45,0.92,0.64,0.85,0.87,1.2,1.02,0.48,0.55,0.07,0.82,0.53,0.79,0.96,0.63,0.11,0.86,0.73,0.72,0.61,1.14,0.8,0.57,0.51,0.54
in,1.94,2.0,2.56,2.06,2.52,2.6,1.78,2.07,3.24,1.47,1.97,1.81,2.77,2.09,2.23,2.64,2.5,1.45,2.36,1.91,1.84,1.67,2.4,2.42,1.44,2.79,2.01,2.68,2.06,2.49,1.83,2.48,2.82,2.68,1.95,2.48,2.08,2.37,3.23,3.6,3.08,2.52,3.13,2.17,2.65,2.3,2.7,2.79,2.23,1.71,2.62,2.39,2.26,2.56,3.03,2.22,3.37,1.86,1.91,3.44,2.45,3.65,2.17,2.69,2.04,1.86,2.03,1.73,1.47,2.08,2.29,2.1,1.86,2.28,1.86,2.79,2.24,1.77,2.23,1.6,2.27,1.88,1.76,2.26,2.41
made,0.14,0.15,0.07,0.24,0.18,0.1,0.16,0,0,0.1,0.32,0,0.05,0.08,0.07,0,0.14,0,0,0.15,0,0.19,0.05,0,0.28,0.05,0,0.25,0,0.06,0.09,0.05,0.06,0.07,0.18,0.14,0.13,0.11,0,0.09,0,0,0,0,0.2,0.1,0.1,0.1,0.06,0.05,0,0,0.15,0.26,0.15,0,0.19,0.17,0.2,0.1,0.26,0.12,0.1,0,0.1,0.1,0.24,0,0,0,0.35,0.07,0.05,0.07,0.15,0.23,0.13,0.06,0.11,0,0.17,0.09,0.15,0.15,0.16
any,0.09,0.29,0,0.18,0.45,0.05,0.38,0.28,0.35,0.39,0.32,0.23,0.24,0.25,0.3,0.16,0.32,0.31,0.1,0.54,0.13,0.37,0.3,0.2,0.5,0.3,0.2,0.42,0.55,0.12,0.27,0.41,0.29,0.4,0.41,0.36,0.35,0.36,0.57,0.53,0.33,0.15,0.31,0.18,0.53,0.2,0,0.42,0.4,0.1,0.51,0.3,0.1,0.26,0.3,0.29,0.77,0.3,0.28,0.38,0.06,0.27,0.76,0.44,0.1,0.2,0.06,0.35,0.31,0.22,0.35,0.13,0.14,0.11,0.27,0.15,0.07,0.17,0.39,0.23,0.52,0.19,0.23,0.18,0.05
if,0,0.19,0.07,0.18,0.36,0.36,0.27,0.32,0.25,0.24,0,0.27,0.29,0.21,0.26,0.24,0.32,0.62,0.23,0.69,0.13,0.25,0.55,0.25,0.33,0.65,0.25,0.67,0.34,0.62,0.67,0.2,0.17,0.4,0.47,0.54,0.31,0.29,0.31,0.27,0.46,0.15,0.71,0.24,0.26,0.4,0.25,0.32,0.51,0.24,0.21,0.3,0.15,0.13,0.3,0.33,0.19,0.52,0.2,0.15,0.13,0.41,0.19,0.15,0.34,0.35,0.18,0.48,0.79,0.22,0.35,0.2,0.28,0.07,0.18,0.19,0.26,0.37,0.14,0.17,0.28,0.33,0.19,0.18,0.11
these,0.19,0.19,0.46,0.06,0.27,0.21,0.38,0.46,0.15,0.15,0.38,0.36,0.29,0.25,0.3,0.28,0.37,0,0.19,0.1,0,0.19,0.15,0.08,0.33,0.5,0,0.13,0.34,0.19,0,0.2,0.23,0.13,0.35,0.27,0.4,0,0.16,0.18,0.07,0.15,0.09,0.3,0.2,0.1,0.29,0.26,0,0.34,0.08,0.1,0.05,0,0.1,0.13,0.1,0.48,0.49,0.13,0.39,0.26,0.19,0.29,0.15,0.25,0.24,0.21,0.37,0.45,0.3,0.27,0.09,0.52,0.27,0.23,0.73,0.42,0.22,0.06,0.41,0.19,0.5,0.22,0.54
different,0.09,0.05,0.07,0.12,0.09,0.36,0.16,0.32,0.05,0.1,0.44,0,0,0,0,0.16,0.05,0.31,0.06,0,0.06,0,0.05,0.17,0.06,0.05,0.1,0,0.07,0.37,0.09,0.05,0,0.13,0,0.09,0.22,0.22,0,0.44,0.13,0.05,0,0,0.07,0.07,0.05,0.06,0,0.1,0,0.1,0.1,0,0.15,0.07,0,0.22,0.37,0.08,0,0.14,0.05,0.07,0.05,0.05,0.06,0.14,0,0.74,0,0.4,0.05,0.29,0.06,0.11,0.07,0.08,0.11,0,0,0.14,0.23,0.11,0
united,0.09,0.15,0.07,0,0,0.16,0.22,0.14,0.05,0.15,0.13,0.09,0,0.08,0.1,0.16,0.09,0.1,0.06,0,0,0.06,0.2,0.14,0.06,0.1,0.15,0.08,0,0,0.09,0.1,0.06,0.2,0.18,0.05,0,0.11,0.05,0,0.13,0.05,0,0.48,0.26,0.43,0.05,0.06,0.06,0,0.21,0.4,0.05,0.17,0.1,0,0.1,0.09,0.53,0.2,0.32,0.1,0.29,0.07,0.1,0.05,0.18,0.28,0.12,0,0,0,0.09,0.07,0.06,0.19,0.2,0.2,0.18,0.26,0.28,0.09,0.11,0.07,0
no,0.09,0.29,0.13,0.24,0,0.21,0.22,0.46,0.4,0.2,0.13,0.18,0.24,0.38,0.2,0.2,0.09,0.41,0.19,0.29,0,0.19,0.6,0.17,0.11,0.25,0.1,0.17,0.21,0.37,0.22,0.25,0.17,0.47,0,0.36,0.27,0.18,0.42,0.18,0.33,0.15,0.22,0.24,0.2,0.37,0,0.32,0.06,0.29,0.21,0,0.1,0.26,0.1,0.59,0.38,0.13,0.28,0.2,0.26,0.38,0.64,0.52,0.19,0.1,0.06,0.14,0.06,0.15,0.17,0.17,0.47,0.18,0.51,0.27,0.3,0.25,0.29,0.41,0.62,0.28,0.15,0.55,0.32
latter,0.14,0,0,0.06,0,0.21,0.05,0,0.1,0.15,0.06,0,0.29,0.08,0.2,0,0.05,0,0,0.05,0.13,0.06,0,0,0,0.05,0.05,0.08,0.07,0,0.09,0.05,0.23,0.07,0.06,0.09,0,0.07,0.05,0.13,0.07,0.15,0.09,0.06,0.07,0,0.05,0,0.06,0,0.08,0,0.1,0,0,0.13,0.19,0,0.08,0.1,0.32,0.09,0.12,0,0.05,0.05,0.06,0.07,0,0,0,0.17,0.09,0.11,0.15,0.11,0.1,0.08,0.22,0.09,0.1,0.42,0.15,0.15,0.05
government,0.33,0.05,0.26,0.73,0.18,1.15,0.54,0.69,0.25,0.2,0.13,0.63,0.43,0.79,0.3,0.2,0.37,0.72,0.42,0.59,0.57,0.56,0.45,0.37,0.83,0.2,0.5,0.38,1.1,1.0,0.36,0.71,0.58,0.2,0.41,0.36,0.18,0.51,0.63,0.44,0.13,0.35,0.22,0.12,0.46,0.23,0.1,0.42,0.29,0.24,0.17,0.2,0.15,0.13,0.25,0.29,0.19,0.09,0.24,0.18,0.19,0.27,0.55,0.37,0.15,0.85,0.54,1.04,0.98,0.15,0.09,0.43,0.42,0.4,0.57,1.22,0.83,0.37,0.25,0.64,0.38,0.99,0.84,0.33,0.7
when,0.24,0,0.2,0.12,0.18,0,0.16,0.05,0.25,0.05,0,0.14,0.1,0.08,0.1,0.16,0,0.41,0.13,0.2,0.06,0.06,0.1,0.08,0,0.05,0.15,0.13,0.07,0.12,0.09,0.05,0.06,0,0,0.14,0.18,0.15,0.1,0,0.13,0.05,0,0,0.07,0.13,0,0.19,0.11,0.44,0.13,0.6,0.21,0.13,0.2,0,0.1,0,0,0.05,0.06,0,0.12,0,0,0.05,0.24,0.07,0.24,0.07,0.22,0.07,0,0.11,0.06,0,0.1,0,0.07,0.09,0,0,0,0.11,0
same,0.28,0,0.2,0.24,0.81,0.26,0.27,0.09,0.35,0.15,0.25,0.18,0.14,0,0.2,0.12,0.09,0.31,0.19,0.2,0.19,0.12,0.1,0.17,0.17,0,0.2,0,0.14,0.37,0.22,0.1,0.23,0.27,0.35,0.05,0.18,0.07,0,0.22,0.52,0.2,0.26,0,0.07,0.2,0.25,0,0.17,0.2,0.21,0.2,0.1,0.09,0.1,0,0.1,0.13,0.33,0.23,0.06,0.15,0.31,0,0.15,0.1,0.36,0.14,0,0.37,0,0.4,0.14,0.15,0.15,0.23,0.1,0.25,0,0.23,0.34,0.09,0.19,0.51,0.37
power,0.05,0.15,0.13,0.3,0.18,0.36,0.16,0.18,0,0.2,0.06,0.09,0.14,0.08,0.23,0.12,0.05,0.52,0.29,0.15,0.45,0.12,0.25,0.37,0.39,0.1,0.2,0.38,0.14,0.44,0.49,0.41,0.75,1.07,1.18,0.45,0.22,0.55,0.89,0.18,0.39,0.05,0.4,0.66,0,0.7,0.2,0.26,0.23,0.1,0.72,0.6,0.67,0.48,0.66,0.23,0.38,0.09,0.16,0.51,0.65,0.17,0.31,0,0.24,0.15,0.06,0.21,0.12,0.07,0.52,0,0.14,0.11,0.33,0.08,0.2,0.79,0.75,0.17,0.72,0.42,0.11,0.58,0.43
also,0,0,0.13,0.06,0.09,0.05,0.11,0.18,0.05,0.05,0.06,0.05,0.05,0,0.1,0,0.05,0.1,0,0,0,0,0,0,0,0.05,0.05,0,0,0,0,0,0,0,0,0,0,0,0.05,0,0.07,0.05,0.09,0,0.13,0.07,0,0,0.06,0,0,0.2,0.05,0,0.1,0,0,0,0,0,0,0,0.1,0.07,0.05,0.05,0.12,0.21,0.12,0.15,0.09,0,0.05,0.11,0.09,0,0.1,0,0,0.09,0.07,0.09,0,0.33,0.05
other,0.09,0.24,0.26,0.36,0.72,0.68,0.43,0.65,0.75,0.54,0.32,0.14,0.43,0.25,0.36,0.4,0.65,0.1,0.19,0.1,0.45,0.19,0.3,0.14,0.39,0.3,0.4,0.08,0.14,0.25,0,0.35,0.4,0.34,0.18,0.54,0.35,0.29,0.21,0.36,0.52,0.4,0.35,0.24,0.33,0.67,0.44,0.1,0.63,0.1,0.51,0.4,0.21,0.43,0.25,0.42,0.19,0.39,0.28,0.15,0.13,0.36,0.24,0.11,0.29,0.25,0.24,0.48,0.67,0.3,0.17,0.73,0.33,0.44,0.12,0.38,0.1,0.28,0.57,0.58,0.31,0.33,0.34,0.44,0.64
which,0.57,1.51,0.85,1.21,0.81,0.73,1.13,1.06,1.25,1.42,1.21,1.36,1.29,1.34,1.18,1.0,1.06,1.14,1.78,1.08,1.53,1.11,1.0,1.01,1.72,0.75,0.75,0.88,1.3,0.87,0.71,1.01,1.15,1.54,1.3,1.22,0.97,0.98,0.94,0.71,0.79,1.19,0.66,1.57,0.99,0.67,1.03,0.87,1.09,0.98,0.84,1.09,0.87,0.91,0.76,1.08,1.15,1.04,1.79,1.05,1.16,1.35,1.26,1.55,1.26,1.25,0.66,0.76,0.61,0.74,0.6,1.3,1.86,1.62,0.78,1.03,1.02,1.01,0.97,0.99,1.03,0.8,0.88,0.8,1.5
subject,0,0.19,0,0.06,0,0.05,0.11,0.23,0.1,0.05,0.13,0.05,0.24,0.08,0.13,0.08,0.18,0.1,0.1,0,0.06,0.25,0.1,0.06,0.11,0.2,0.05,0.08,0,0.06,0.09,0.05,0.17,0.07,0.06,0.09,0,0,0.05,0,0.2,0.1,0,0.06,0,0,0.1,0.06,0,0.1,0.08,0.1,0.15,0,0.15,0,0.1,0.13,0.08,0.15,0,0.15,0.17,0.11,0.19,0.1,0.18,0,0,0.07,0,0,0.14,0.07,0.06,0.15,0.07,0.2,0.22,0.09,0.14,0.05,0.08,0.22,0.11
congress,0.05,0,0,0,0,0,0.05,0.05,0.05,0.2,0.06,0.09,0,0,0,0,0,0,0,0,0,0,0.05,0.08,0.06,0,0.1,0,0,0,0,0.05,0,0.34,0,0,0,0,0.05,0,0,0,0,0,0,0,0,0,0,0,0,0,0.1,0,0.05,0,0,0,0,0.05,0.19,0,0.21,0.07,0,0,0.42,0,0,0,0,0,0.05,0,0.36,0.08,0.53,0.14,0.11,0.15,0.31,0.14,0.08,0,0.05
shall,0,0.1,0,0.12,0,0.05,0.11,0.05,0.1,0.05,0,0.14,0.14,0,0,0.12,0.05,0.31,0,0.05,0.06,0.43,0.25,0.06,0.11,0.05,0.3,0.08,0,0,0.13,0,0,0.34,0.12,0.14,0.18,0.11,0.1,0.09,0.13,0,0,0.42,0.26,0.2,0.05,0.06,0.06,0.05,0.25,0.1,0.31,0.35,0.15,0.1,0.38,0,0.2,0.18,0.65,0.09,0.52,0.11,0,0.2,0.06,0,0.37,0.07,0.09,0.07,0,0,0.09,0,0.2,0.11,0.32,0.2,0.52,0,0,0.26,0.16
may,0,0.24,0.13,0.24,0.36,0.88,0.38,0.32,0.5,0.54,0.64,0.18,0.48,0.71,0.59,0.36,0.14,0.83,0.23,0.24,0.25,0.68,0.55,0.56,0.39,0.2,0.2,0.42,0.27,0.44,0.31,0.46,0.58,0.13,0.59,0.27,0.35,0.55,0.89,0.44,0.72,0.35,0.35,0.18,0.33,0.33,0.15,0.51,0.57,0.44,0.51,0.7,0.26,0.35,0.1,0.52,0.58,0.13,0.57,0.64,0.9,0.27,0.62,0.59,0.39,0.25,0.24,0.41,0.61,0.15,0.52,0.53,0.75,0.66,0.27,0.23,0.23,0.65,0.61,0.73,0.21,0.42,0.5,0.29,0.32
who,0.52,0.29,0.2,0.3,0.27,0.05,0,0.18,0.3,0.15,0.13,0.36,0.24,0.21,0.1,0.2,0.05,0.31,0.19,0.24,0.13,0.5,0.25,0.08,0.17,0.05,0.1,0.13,0.07,0.25,0.4,0.35,0.12,0,0.24,0.18,0.27,0.15,0.26,0.31,0.26,0.59,0.35,0.36,0.86,0.17,0.34,0.51,0.4,0.2,0.34,0,0.1,0.69,0.15,0.16,0.38,0.09,0,0.13,0,0.17,0.19,0.37,0,0.15,0.48,0.21,0.18,0.22,0.78,0.3,0.05,0.11,0.42,0,0.3,0.22,0.14,0.15,0.07,0.05,0.23,0.22,0.27
upon,0.05,0,0.07,0,0.09,0,0,0,0.1,0,0,0,0,0,0,0.24,0.32,0.21,0.32,0.29,0.38,0.37,0.3,0.37,0.39,0.35,0.1,0.25,0.27,0.19,0.45,0.66,0.75,0.13,0.53,0.45,0.4,0.22,0.16,0.36,0.2,0.49,0.49,0.36,0.13,0.4,0.2,0.19,0.17,0.24,0.55,0.3,0.26,0.43,0.51,0.29,0.19,0.48,0.24,0.33,0.26,0.34,0.31,0.44,0.15,0.2,0.06,0,0,0,0,0,0,0,0.12,0,0,0,0.07,0,0,0,0,0,0
most,0.19,0.29,0,0.24,0.09,0,0.16,0.37,0.05,0.2,0.13,0.41,0.33,0.29,0.26,0.2,0.18,0.21,0.1,0.24,0.19,0.12,0.1,0.34,0.39,0.35,0.3,0,0.27,0,0.18,0.15,0.23,0.13,0.12,0.09,0.22,0.26,0.1,0.18,0.26,0.49,0.18,0.06,0.4,0.17,0.15,0.35,0.06,0.39,0,0.3,0.1,0.22,0.15,0.07,0.19,0,0.2,0.08,0.32,0.21,0.24,0,0.29,0.25,0.24,0.35,0.06,0.37,0.48,0.5,0.42,0.37,0.27,0.34,0.2,0.11,0.11,0.09,0,0.24,0.27,0.07,0.21
plan,0,0,0,0.12,0,0.05,0,0,0,0,0,0,0,0,0,0,0,0.1,0.06,0,0,0.06,0.1,0.06,0.11,0.25,0.05,0,0.07,0.19,0.22,0.05,0.06,0.13,0.18,0,0,0.07,0.05,0,0.33,0.35,0.22,0,0.07,0,0,0.1,0,0.05,0.08,0.2,0.1,0,0.25,0.1,0.1,0,0.16,0.26,0.19,0.31,0.17,0.41,0,0.05,0.24,0,0.06,0,0,0,0.05,0.11,0.15,0.15,0.13,0,0,0,0,0.14,0.08,0,0
necessity,0.05,0.1,0.07,0,0,0.1,0,0.05,0,0,0,0,0,0.08,0.07,0.08,0.05,0,0,0.05,0,0.12,0,0.17,0.17,0.25,0.15,0,0.07,0.19,0,0.15,0.17,0.13,0.06,0,0.18,0,0.16,0,0,0.05,0,0,0,0.1,0,0,0,0.1,0.08,0,0.1,0.09,0.05,0.07,0,0,0.08,0.08,0.06,0,0,0.11,0.15,0.1,0.06,0,0,0,0,0,0.05,0.11,0.15,0,0,0.08,0.11,0.12,0.07,0,0,0,0.05
president,0,0,0,0,0,0,0,0,0,0.1,0,0.05,0.05,0,0,0,0,0,0,0,0,0,0,0,0,0,0,0,0,0,0,0,0,0,0,0,0,0,0,0,0,0.05,0.13,0.6,0.86,0.8,0,0,0.06,0.05,0.21,0.4,0.36,0.35,0.45,0,0.29,0,0,0,0,0,0.1,0,0,0,0,0,0,0,0.43,0,0,0,0.09,0.15,0,0,0,0,0,0.05,0,0.11,0
law,0,0,0.07,0,0,0,0,0.09,0.1,0,0.06,0.09,0,0.13,0,0,0,0,0,0.1,0,0,0.05,0.11,0,0,0,0,0.07,0.06,0,0,0.06,0,0.53,0,0,0,0.1,0,0,0.1,0,0.18,0,0.13,0,0,0,0,0.08,0.2,0.05,0.09,0.05,0.16,0,0,0.28,0.51,0,0.26,0.19,0,0,0,0,0,0,0,0,0,0,0.22,0,0,0,0,0.39,0.06,0.17,0,0,0.07,0
a,1.75,1.32,1.84,2.0,1.26,2.39,1.89,2.21,1.75,2.35,3.05,1.67,2.44,3.14,1.91,2.76,2.17,2.69,2.23,1.81,1.91,1.55,3.2,2.75,1.33,2.54,2.21,2.22,2.06,2.05,2.23,1.93,1.38,2.41,2.6,2.03,1.99,1.6,2.55,2.35,2.3,2.17,2.16,1.45,1.99,2.2,2.31,2.15,2.57,2.69,2.7,2.69,2.67,2.21,3.23,1.89,2.21,2.08,1.54,2.22,1.42,2.38,1.72,2.51,2.23,2.36,1.73,0.9,0.98,0.67,1.38,2.6,1.72,2.06,2.77,2.03,1.75,2.28,1.79,2.7,1.48,0.94,1.6,1.28,1.87
i,0.05,0,0.07,0.12,0.45,0.1,0.27,0.14,0.2,0.49,0,0.18,0.24,0.25,0.36,0,0.05,0,0.16,0.05,0.13,0.87,0.1,0.06,0.22,0.25,0.05,0.08,0.27,0,0.18,0.05,0.12,0.67,0.3,0.09,0.22,0.4,0.16,0.27,0.33,0.05,0.26,0.42,0.07,0.2,0.1,0.32,0.06,0.1,0.08,0.3,0.26,0.17,0.45,0.16,0.29,0,0.12,0.28,0.58,0.38,0.43,1.14,0.05,0.4,0.24,0.21,0,0.07,0,0.1,0.09,0,0.15,0,0.07,0.14,0.07,0.06,0.14,0.14,0.15,0.22,0.43
many,0,0.1,0.07,0.12,0,0.1,0,0.09,0,0.15,0.19,0.36,0,0.29,0.16,0,0,0.21,0,0.05,0.13,0.31,0.1,0.08,0,0,0,0,0,0,0,0,0.06,0,0,0.05,0.09,0,0,0,0.07,0.05,0,0,0,0,0.2,0.06,0,0,0,0,0.1,0,0,0,0,0,0.08,0.05,0.13,0.09,0.1,0.15,0,0,0.36,0.28,0.06,0.22,0,0.2,0.05,0.22,0.06,0.15,0,0,0.07,0.06,0,0.09,0,0.07,0.05
well,0.05,0.05,0.07,0.12,0.09,0.21,0.16,0.18,0.1,0.1,0,0.09,0.05,0.17,0.13,0.12,0.18,0.1,0,0,0.06,0.19,0.05,0.08,0.06,0,0.1,0,0,0,0,0.05,0,0,0.06,0.14,0.18,0.15,0,0.09,0.07,0.1,0.09,0.12,0.13,0.1,0.29,0.06,0.11,0.15,0.08,0,0.05,0.09,0.05,0.16,0.1,0.09,0.12,0.15,0.06,0.09,0.17,0.07,0,0.1,0.24,0.48,0.24,0.07,0.35,0.1,0,0.22,0.06,0.15,0,0.06,0.14,0.15,0.1,0.05,0.15,0,0.05
object,0,0,0,0,0.09,0,0,0.05,0.05,0,0.13,0,0.05,0.08,0,0.08,0.05,0.1,0,0.05,0.06,0.06,0.05,0.06,0.06,0.05,0,0,0,0,0.09,0.05,0.06,0,0.12,0.05,0,0,0.05,0.13,0,0.05,0,0.06,0.07,0,0.05,0.06,0,0.1,0,0.1,0,0.13,0.1,0,0,0,0,0,0,0.05,0.07,0.07,0,0.1,0.18,0,0.06,0,0.09,0.1,0.09,0.15,0.06,0,0.13,0.08,0,0,0.14,0.09,0,0,0
without,0,0.05,0.2,0.12,0.27,0.1,0.05,0.14,0.05,0.1,0.13,0.14,0,0.25,0.16,0.08,0.14,0,0.23,0.15,0.06,0,0.1,0.08,0.11,0.35,0.05,0.13,0.07,0.25,0,0.1,0.17,0.13,0.06,0.14,0.09,0.07,0.16,0.18,0,0,0,0.06,0.13,0.13,0,0.13,0,0.05,0.08,0.1,0,0,0.15,0,0.1,0,0.12,0.15,0.13,0.1,0.14,0.11,0,0.15,0.12,0,0.12,0.07,0.09,0.13,0,0.22,0.15,0,0.1,0.08,0.22,0.32,0.21,0.09,0,0,0.16
so,0.09,0.19,0.13,0.24,0.09,0.26,0.27,0.18,0.05,0.34,0.19,0.32,0.05,0.38,0.2,0.16,0.28,0.31,0.06,0.15,0.25,0.19,0.35,0.25,0.06,0.2,0.05,0.42,0.14,0.06,0.36,0.1,0.4,0.07,0.18,0.14,0.31,0,0.21,0.27,0.13,0.25,0.31,0.42,0.4,0.07,0.2,0.35,0.29,0.05,0.21,0.3,0.31,0.09,0.2,0.23,0.1,0.17,0.2,0.13,0.06,0.12,0.14,0.18,0.24,0.25,0.3,0.28,0.31,0.22,0.52,0.13,0.28,0.29,0.21,0.31,0.43,0.25,0.29,0.17,0.21,0.05,0.08,0.15,0.27
principle,0.05,0.15,0.07,0.18,0,0.21,0.05,0.05,0.3,0,0.13,0.09,0.1,0,0.07,0,0,0.1,0.16,0.24,0.19,0,0.2,0.08,0.06,0.05,0.05,0,0,0.12,0,0.15,0,0,0,0.09,0,0,0.16,0,0,0,0.22,0,0,0,0.05,0,0.17,0.05,0,0,0.05,0,0,0.07,0,0.13,0.12,0,0,0,0,0,0,0.3,0,0,0,0,0,0,0.14,0,0,0.11,0,0,0,0.15,0.07,0,0,0.07,0
time,0,0.1,0.07,0.06,0.27,0.05,0.27,0.23,0,0.49,0.32,0.09,0.29,0.08,0.13,0.12,0.14,0.1,0.19,0.05,0.13,0.06,0.2,0,0.06,0.35,0.5,0.54,0.07,0.25,0.09,0.05,0.12,0,0,0.18,0,0,0.1,0.22,0.59,0,0,0.06,0.13,0.27,0.2,0,0.23,0.29,0.08,0.1,0.05,0.22,0.25,0.1,0.29,0,0,0.1,0.19,0.07,0.1,0.18,0.29,0.1,0.12,0,0.12,0.07,0.17,0.17,0.09,0,0.12,0,0,0.11,0,0.06,0.14,0.05,0.08,0.11,0.16
far,0.09,0.05,0,0.12,0,0,0.16,0.14,0.05,0.05,0.25,0.09,0.14,0,0.1,0.12,0.28,0.1,0,0.1,0.06,0,0.05,0,0.06,0.05,0.1,0.08,0.14,0.06,0.13,0.15,0.23,0.07,0.06,0.05,0.18,0.18,0.16,0.09,0.07,0,0.13,0.12,0,0.07,0.1,0.13,0,0.05,0.13,0,0.05,0,0.05,0.13,0,0,0.08,0.05,0,0.07,0.1,0.07,0,0.25,0,0.07,0.06,0.15,0.13,0,0.05,0.07,0.18,0.23,0.1,0.08,0,0,0.07,0.24,0.11,0,0.05
the,11.36,10.14,9.0,10.76,9.09,10.52,10.05,8.94,10.17,8.91,8.7,9.76,10.18,8.03,9.53,7.51,8.14,7.65,8.22,9.45,10.31,8.17,9.2,8.31,10.36,7.42,8.79,8.42,10.22,10.33,9.92,8.32,9.32,10.05,9.33,8.38,8.33,9.15,9.28,9.94,9.9,10.87,11.07,11.04,9.4,10.67,8.14,9.25,10.29,8.71,8.73,10.35,10.68,9.11,9.2,10.21,8.56,8.97,10.37,9.92,10.84,8.3,9.29,9.06,7.67,8.53,6.4,6.42,5.26,4.9,7.52,8.69,9.41,8.46,8.15,11.48,9.7,9.44,9.4,10.34,10.84,13.08,11.56,11.91,9.05
make,0.05,0.05,0.13,0,0,0,0,0,0,0,0,0.05,0.05,0,0,0.08,0.05,0,0.06,0.05,0,0.06,0.05,0,0.17,0,0.05,0.08,0,0.25,0.09,0,0.06,0,0.12,0.05,0.09,0.18,0.05,0,0,0,0.18,0.24,0.13,0.1,0,0.06,0.17,0.2,0.08,0,0.15,0.22,0,0,0,0.09,0.08,0.05,0,0,0.12,0.07,0.24,0.05,0,0,0.24,0.07,0.35,0,0.05,0,0.21,0,0,0.06,0.07,0.06,0.1,0,0,0,0
laws,0.24,0.1,0,0.06,0,0,0,0.32,0.3,0,0.44,0.09,0.05,0.21,0,0,0.14,0,0.16,0.15,0,0,0.15,0.17,0.11,0,0.05,0,0.55,0.06,0.18,0,0.12,0.07,0.94,0,0,0.18,0,0,0.07,0,0,0,0,0.13,0,0,0.06,0,0.3,0.1,0.21,0,0.05,0.36,0,0,0.53,0.2,0.26,0.12,0,0,0.05,0,0,0.28,0,0,0.3,0,0.05,0.15,0.06,0,0,0,0.22,0,0.31,0,0,0,0.05
